genotype,pop,timepoint,replicate,control_ave,n_adults,productivity_normalised
mM,11,1,1,30.133333333333333,20,0.6637168141592921
mM,11,1,2,30.133333333333333,28,0.9292035398230089
mM,11,1,3,30.133333333333333,39,1.2942477876106195
mM,11,1,4,30.133333333333333,42,1.3938053097345133
mM,11,1,5,30.133333333333333,46,1.5265486725663717
mM,11,1,6,30.133333333333333,11,0.36504424778761063
mM,11,1,7,30.133333333333333,28,0.9292035398230089
mM,11,1,8,30.133333333333333,36,1.1946902654867257
mM,11,1,9,30.133333333333333,31,1.0287610619469028
mM,11,1,10,30.133333333333333,19,0.6305309734513275
mM,11,1,11,30.133333333333333,39,1.2942477876106195
mM,11,1,12,30.133333333333333,41,1.3606194690265487
mM,11,1,13,30.133333333333333,48,1.592920353982301
mM,11,1,14,30.133333333333333,1,0.033185840707964605
mM,11,1,15,30.133333333333333,44,1.4601769911504425
mM,11,1,16,30.133333333333333,46,1.5265486725663717
mM,11,1,17,30.133333333333333,20,0.6637168141592921
mM,11,1,18,30.133333333333333,26,0.8628318584070797
mM,11,1,19,30.133333333333333,28,0.9292035398230089
mM,11,1,20,30.133333333333333,12,0.39823008849557523
mM,11,1,21,30.133333333333333,37,1.2278761061946903
mM,11,1,22,30.133333333333333,14,0.4646017699115044
mM,11,1,23,30.133333333333333,40,1.3274336283185841
mM,11,1,24,30.133333333333333,20,0.6637168141592921
mM,11,1,25,30.133333333333333,53,1.758849557522124
mM,11,1,26,30.133333333333333,36,1.1946902654867257
mM,11,1,27,30.133333333333333,13,0.4314159292035398
mM,11,1,28,30.133333333333333,42,1.3938053097345133
mM,11,1,29,30.133333333333333,5,0.16592920353982302
mM,11,1,30,30.133333333333333,39,1.2942477876106195
mM,11,2,1,13.785714285714285,45,3.2642487046632125
mM,11,2,2,13.785714285714285,37,2.683937823834197
mM,11,2,3,13.785714285714285,59,4.27979274611399
mM,11,2,4,13.785714285714285,17,1.2331606217616582
mM,11,2,5,13.785714285714285,23,1.6683937823834198
mM,11,2,6,13.785714285714285,4,0.2901554404145078
mM,11,2,7,13.785714285714285,8,0.5803108808290156
mM,11,2,8,13.785714285714285,9,0.6528497409326426
mM,11,2,9,13.785714285714285,1,0.07253886010362695
mM,11,2,10,13.785714285714285,13,0.9430051813471503
mM,11,2,11,13.785714285714285,10,0.7253886010362695
mM,11,2,12,13.785714285714285,11,0.7979274611398964
mM,11,2,13,13.785714285714285,9,0.6528497409326426
mM,11,2,14,13.785714285714285,1,0.07253886010362695
mM,11,2,15,13.785714285714285,7,0.5077720207253886
mM,11,2,16,13.785714285714285,4,0.2901554404145078
mM,11,2,17,13.785714285714285,9,0.6528497409326426
mM,11,2,18,13.785714285714285,32,2.3212435233160624
mM,11,2,19,13.785714285714285,12,0.8704663212435234
mM,11,2,20,13.785714285714285,11,0.7979274611398964
mM,11,2,21,13.785714285714285,17,1.2331606217616582
mM,11,2,22,13.785714285714285,4,0.2901554404145078
mM,11,2,23,13.785714285714285,8,0.5803108808290156
mM,11,2,24,13.785714285714285,1,0.07253886010362695
mM,11,2,25,13.785714285714285,9,0.6528497409326426
mM,11,2,26,13.785714285714285,1,0.07253886010362695
mM,11,2,27,13.785714285714285,7,0.5077720207253886
mM,11,2,28,13.785714285714285,17,1.2331606217616582
mM,11,2,29,13.785714285714285,NA,NA
mM,11,2,30,13.785714285714285,NA,NA
mM,11,3,1,8.915492957746478,0,0
mM,11,3,2,8.915492957746478,16,1.7946287519747237
mM,11,3,3,8.915492957746478,13,1.458135860979463
mM,11,3,4,8.915492957746478,3,0.3364928909952607
mM,11,3,5,8.915492957746478,7,0.7851500789889416
mM,11,3,6,8.915492957746478,0,0
mM,11,3,7,8.915492957746478,6,0.6729857819905214
mM,11,3,8,8.915492957746478,12,1.3459715639810428
mM,11,3,9,8.915492957746478,5,0.5608214849921012
mM,11,3,10,8.915492957746478,8,0.8973143759873619
mM,11,3,11,8.915492957746478,12,1.3459715639810428
mM,11,3,12,8.915492957746478,11,1.2338072669826226
mM,11,3,13,8.915492957746478,0,0
mM,11,3,14,8.915492957746478,13,1.458135860979463
mM,11,3,15,8.915492957746478,25,2.8041074249605056
mM,11,3,16,8.915492957746478,12,1.3459715639810428
mM,11,3,17,8.915492957746478,11,1.2338072669826226
mM,11,3,18,8.915492957746478,9,1.009478672985782
mM,11,3,19,8.915492957746478,13,1.458135860979463
mM,11,3,20,8.915492957746478,12,1.3459715639810428
mM,11,3,21,8.915492957746478,2,0.22432859399684046
mM,11,3,22,8.915492957746478,16,1.7946287519747237
mM,11,3,23,8.915492957746478,10,1.1216429699842023
mM,11,3,24,8.915492957746478,8,0.8973143759873619
mM,11,3,25,8.915492957746478,NA,NA
mM,11,3,26,8.915492957746478,NA,NA
mM,11,3,27,8.915492957746478,NA,NA
mM,11,3,28,8.915492957746478,NA,NA
mM,11,3,29,8.915492957746478,NA,NA
mM,11,3,30,8.915492957746478,NA,NA
mM,11,4,1,31.688888888888894,59,1.8618513323983168
mM,11,4,2,31.688888888888894,37,1.1676016830294529
mM,11,4,3,31.688888888888894,63,1.9880785413744737
mM,11,4,4,31.688888888888894,41,1.2938288920056098
mM,11,4,5,31.688888888888894,44,1.3884992987377278
mM,11,4,6,31.688888888888894,37,1.1676016830294529
mM,11,4,7,31.688888888888894,38,1.199158485273492
mM,11,4,8,31.688888888888894,63,1.9880785413744737
mM,11,4,9,31.688888888888894,41,1.2938288920056098
mM,11,4,10,31.688888888888894,22,0.6942496493688639
mM,11,4,11,31.688888888888894,42,1.3253856942496491
mM,11,4,12,31.688888888888894,58,1.8302945301542775
mM,11,4,13,31.688888888888894,49,1.546283309957924
mM,11,4,14,31.688888888888894,45,1.420056100981767
mM,11,4,15,31.688888888888894,59,1.8618513323983168
mM,11,4,16,31.688888888888894,52,1.6409537166900419
mM,11,4,17,31.688888888888894,57,1.7987377279102381
mM,11,4,18,31.688888888888894,54,1.7040673211781203
mM,11,4,19,31.688888888888894,50,1.5778401122019634
mM,11,4,20,31.688888888888894,37,1.1676016830294529
mM,11,4,21,31.688888888888894,60,1.893408134642356
mM,11,4,22,31.688888888888894,42,1.3253856942496491
mM,11,4,23,31.688888888888894,53,1.6725105189340812
mM,11,4,24,31.688888888888894,47,1.4831697054698456
mM,11,4,25,31.688888888888894,61,1.9249649368863953
mM,11,4,26,31.688888888888894,53,1.6725105189340812
mM,11,4,27,31.688888888888894,45,1.420056100981767
mM,11,4,28,31.688888888888894,64,2.019635343618513
mM,11,4,29,31.688888888888894,56,1.767180925666199
mM,11,4,30,31.688888888888894,45,1.420056100981767
mM,11,5,1,20,31,1.55
mM,11,5,2,20,0,0
mM,11,5,3,20,28,1.4
mM,11,5,4,20,30,1.5
mM,11,5,5,20,26,1.3
mM,11,5,6,20,7,0.35
mM,11,5,7,20,43,2.15
mM,11,5,8,20,30,1.5
mM,11,5,9,20,17,0.85
mM,11,5,10,20,6,0.3
mM,11,5,11,20,25,1.25
mM,11,5,12,20,27,1.35
mM,11,5,13,20,34,1.7
mM,11,5,14,20,6,0.3
mM,11,5,15,20,3,0.15
mM,11,5,16,20,29,1.45
mM,11,5,17,20,23,1.15
mM,11,5,18,20,0,0
mM,11,5,19,20,12,0.6
mM,11,5,20,20,1,0.05
mM,11,5,21,20,30,1.5
mM,11,5,22,20,25,1.25
mM,11,5,23,20,6,0.3
mM,11,5,24,20,31,1.55
mM,11,5,25,20,27,1.35
mM,11,5,26,20,33,1.65
mM,11,5,27,20,17,0.85
mM,11,5,28,20,38,1.9
mM,11,5,29,20,29,1.45
mM,11,5,30,20,37,1.85
mM,12,3,1,8.915492957746478,8,0.8973143759873619
mM,12,3,2,8.915492957746478,0,0
mM,12,3,3,8.915492957746478,11,1.2338072669826226
mM,12,3,4,8.915492957746478,12,1.3459715639810428
mM,12,3,5,8.915492957746478,0,0
mM,12,3,6,8.915492957746478,24,2.6919431279620856
mM,12,3,7,8.915492957746478,1,0.11216429699842023
mM,12,3,8,8.915492957746478,0,0
mM,12,3,9,8.915492957746478,3,0.3364928909952607
mM,12,3,10,8.915492957746478,5,0.5608214849921012
mM,12,3,11,8.915492957746478,1,0.11216429699842023
mM,12,3,12,8.915492957746478,11,1.2338072669826226
mM,12,3,13,8.915492957746478,12,1.3459715639810428
mM,12,3,14,8.915492957746478,2,0.22432859399684046
mM,12,3,15,8.915492957746478,3,0.3364928909952607
mM,12,3,16,8.915492957746478,12,1.3459715639810428
mM,12,3,17,8.915492957746478,3,0.3364928909952607
mM,12,3,18,8.915492957746478,7,0.7851500789889416
mM,12,3,19,8.915492957746478,0,0
mM,12,3,20,8.915492957746478,11,1.2338072669826226
mM,12,3,21,8.915492957746478,12,1.3459715639810428
mM,12,3,22,8.915492957746478,11,1.2338072669826226
mM,12,3,23,8.915492957746478,30,3.364928909952607
mM,12,3,24,8.915492957746478,NA,NA
mM,12,3,25,8.915492957746478,NA,NA
mM,12,3,26,8.915492957746478,NA,NA
mM,12,3,27,8.915492957746478,NA,NA
mM,12,3,28,8.915492957746478,NA,NA
mM,12,3,29,8.915492957746478,NA,NA
mM,12,3,30,8.915492957746478,NA,NA
mM,12,4,1,31.688888888888894,10,0.31556802244039267
mM,12,4,2,31.688888888888894,9,0.2840112201963534
mM,12,4,3,31.688888888888894,10,0.31556802244039267
mM,12,4,4,31.688888888888894,9,0.2840112201963534
mM,12,4,5,31.688888888888894,10,0.31556802244039267
mM,12,4,6,31.688888888888894,11,0.34712482468443195
mM,12,4,7,31.688888888888894,14,0.44179523141654975
mM,12,4,8,31.688888888888894,11,0.34712482468443195
mM,12,4,9,31.688888888888894,18,0.5680224403927068
mM,12,4,10,31.688888888888894,12,0.3786816269284712
mM,12,4,11,31.688888888888894,17,0.5364656381486675
mM,12,4,12,31.688888888888894,13,0.41023842917251047
mM,12,4,13,31.688888888888894,11,0.34712482468443195
mM,12,4,14,31.688888888888894,9,0.2840112201963534
mM,12,4,15,31.688888888888894,13,0.41023842917251047
mM,12,4,16,31.688888888888894,15,0.473352033660589
mM,12,4,17,31.688888888888894,21,0.6626928471248246
mM,12,4,18,31.688888888888894,15,0.473352033660589
mM,12,4,19,31.688888888888894,12,0.3786816269284712
mM,12,4,20,31.688888888888894,12,0.3786816269284712
mM,12,4,21,31.688888888888894,13,0.41023842917251047
mM,12,4,22,31.688888888888894,20,0.6311360448807853
mM,12,4,23,31.688888888888894,18,0.5680224403927068
mM,12,4,24,31.688888888888894,12,0.3786816269284712
mM,12,4,25,31.688888888888894,12,0.3786816269284712
mM,12,4,26,31.688888888888894,11,0.34712482468443195
mM,12,4,27,31.688888888888894,8,0.2524544179523141
mM,12,4,28,31.688888888888894,12,0.3786816269284712
mM,12,4,29,31.688888888888894,6,0.1893408134642356
mM,12,4,30,31.688888888888894,13,0.41023842917251047
mM,12,5,1,20,35,1.75
mM,12,5,2,20,41,2.05
mM,12,5,3,20,26,1.3
mM,12,5,4,20,2,0.1
mM,12,5,5,20,40,2
mM,12,5,6,20,32,1.6
mM,12,5,7,20,20,1
mM,12,5,8,20,25,1.25
mM,12,5,9,20,17,0.85
mM,12,5,10,20,40,2
mM,12,5,11,20,20,1
mM,12,5,12,20,31,1.55
mM,12,5,13,20,45,2.25
mM,12,5,14,20,50,2.5
mM,12,5,15,20,31,1.55
mM,12,5,16,20,30,1.5
mM,12,5,17,20,35,1.75
mM,12,5,18,20,16,0.8
mM,12,5,19,20,41,2.05
mM,12,5,20,20,28,1.4
mM,12,5,21,20,41,2.05
mM,12,5,22,20,23,1.15
mM,12,5,23,20,35,1.75
mM,12,5,24,20,58,2.9
mM,12,5,25,20,38,1.9
mM,12,5,26,20,22,1.1
mM,12,5,27,20,11,0.55
mM,12,5,28,20,26,1.3
mM,12,5,29,20,1,0.05
mM,12,5,30,20,28,1.4
mM,13,3,1,8.915492957746478,4,0.44865718799368093
mM,13,3,2,8.915492957746478,9,1.009478672985782
mM,13,3,3,8.915492957746478,2,0.22432859399684046
mM,13,3,4,8.915492957746478,11,1.2338072669826226
mM,13,3,5,8.915492957746478,22,2.467614533965245
mM,13,3,6,8.915492957746478,6,0.6729857819905214
mM,13,3,7,8.915492957746478,5,0.5608214849921012
mM,13,3,8,8.915492957746478,1,0.11216429699842023
mM,13,3,9,8.915492957746478,13,1.458135860979463
mM,13,3,10,8.915492957746478,5,0.5608214849921012
mM,13,3,11,8.915492957746478,11,1.2338072669826226
mM,13,3,12,8.915492957746478,5,0.5608214849921012
mM,13,3,13,8.915492957746478,18,2.018957345971564
mM,13,3,14,8.915492957746478,0,0
mM,13,3,15,8.915492957746478,14,1.5703001579778832
mM,13,3,16,8.915492957746478,11,1.2338072669826226
mM,13,3,17,8.915492957746478,5,0.5608214849921012
mM,13,3,18,8.915492957746478,24,2.6919431279620856
mM,13,3,19,8.915492957746478,6,0.6729857819905214
mM,13,3,20,8.915492957746478,6,0.6729857819905214
mM,13,3,21,8.915492957746478,12,1.3459715639810428
mM,13,3,22,8.915492957746478,16,1.7946287519747237
mM,13,3,23,8.915492957746478,11,1.2338072669826226
mM,13,3,24,8.915492957746478,13,1.458135860979463
mM,13,3,25,8.915492957746478,NA,NA
mM,13,3,26,8.915492957746478,NA,NA
mM,13,3,27,8.915492957746478,NA,NA
mM,13,3,28,8.915492957746478,NA,NA
mM,13,3,29,8.915492957746478,NA,NA
mM,13,3,30,8.915492957746478,NA,NA
mM,13,4,1,31.688888888888894,41,1.2938288920056098
mM,13,4,2,31.688888888888894,33,1.0413744740532958
mM,13,4,3,31.688888888888894,57,1.7987377279102381
mM,13,4,4,31.688888888888894,0,0
mM,13,4,5,31.688888888888894,15,0.473352033660589
mM,13,4,6,31.688888888888894,37,1.1676016830294529
mM,13,4,7,31.688888888888894,42,1.3253856942496491
mM,13,4,8,31.688888888888894,32,1.0098176718092564
mM,13,4,9,31.688888888888894,23,0.7258064516129031
mM,13,4,10,31.688888888888894,49,1.546283309957924
mM,13,4,11,31.688888888888894,62,1.9565217391304346
mM,13,4,12,31.688888888888894,11,0.34712482468443195
mM,13,4,13,31.688888888888894,54,1.7040673211781203
mM,13,4,14,31.688888888888894,15,0.473352033660589
mM,13,4,15,31.688888888888894,29,0.9151472650771387
mM,13,4,16,31.688888888888894,51,1.6093969144460025
mM,13,4,17,31.688888888888894,32,1.0098176718092564
mM,13,4,18,31.688888888888894,46,1.4516129032258063
mM,13,4,19,31.688888888888894,35,1.1044880785413742
mM,13,4,20,31.688888888888894,0,0
mM,13,4,21,31.688888888888894,58,1.8302945301542775
mM,13,4,22,31.688888888888894,0,0
mM,13,4,23,31.688888888888894,42,1.3253856942496491
mM,13,4,24,31.688888888888894,50,1.5778401122019634
mM,13,4,25,31.688888888888894,26,0.8204768583450209
mM,13,4,26,31.688888888888894,28,0.8835904628330995
mM,13,4,27,31.688888888888894,37,1.1676016830294529
mM,13,4,28,31.688888888888894,39,1.2307152875175313
mM,13,4,29,31.688888888888894,33,1.0413744740532958
mM,13,4,30,31.688888888888894,24,0.7573632538569424
mM,13,5,1,20,15,0.75
mM,13,5,2,20,0,0
mM,13,5,3,20,14,0.7
mM,13,5,4,20,9,0.45
mM,13,5,5,20,1,0.05
mM,13,5,6,20,1,0.05
mM,13,5,7,20,12,0.6
mM,13,5,8,20,10,0.5
mM,13,5,9,20,12,0.6
mM,13,5,10,20,1,0.05
mM,13,5,11,20,22,1.1
mM,13,5,12,20,10,0.5
mM,13,5,13,20,14,0.7
mM,13,5,14,20,9,0.45
mM,13,5,15,20,13,0.65
mM,13,5,16,20,15,0.75
mM,13,5,17,20,0,0
mM,13,5,18,20,16,0.8
mM,13,5,19,20,1,0.05
mM,13,5,20,20,6,0.3
mM,13,5,21,20,3,0.15
mM,13,5,22,20,8,0.4
mM,13,5,23,20,0,0
mM,13,5,24,20,11,0.55
mM,13,5,25,20,15,0.75
mM,13,5,26,20,12,0.6
mM,13,5,27,20,1,0.05
mM,13,5,28,20,22,1.1
mM,13,5,29,20,0,0
mM,13,5,30,20,8,0.4
mX,1,1,1,30.133333333333333,6,0.19911504424778761
mX,1,1,2,30.133333333333333,16,0.5309734513274337
mX,1,1,3,30.133333333333333,9,0.29867256637168144
mX,1,1,4,30.133333333333333,10,0.33185840707964603
mX,1,1,5,30.133333333333333,18,0.5973451327433629
mX,1,1,6,30.133333333333333,32,1.0619469026548674
mX,1,1,7,30.133333333333333,27,0.8960176991150443
mX,1,1,8,30.133333333333333,33,1.095132743362832
mX,1,1,9,30.133333333333333,19,0.6305309734513275
mX,1,1,10,30.133333333333333,18,0.5973451327433629
mX,1,1,11,30.133333333333333,23,0.7632743362831859
mX,1,1,12,30.133333333333333,1,0.033185840707964605
mX,1,1,13,30.133333333333333,10,0.33185840707964603
mX,1,1,14,30.133333333333333,22,0.7300884955752213
mX,1,1,15,30.133333333333333,0,0
mX,1,1,16,30.133333333333333,23,0.7632743362831859
mX,1,1,17,30.133333333333333,22,0.7300884955752213
mX,1,1,18,30.133333333333333,31,1.0287610619469028
mX,1,1,19,30.133333333333333,37,1.2278761061946903
mX,1,1,20,30.133333333333333,34,1.1283185840707965
mX,1,1,21,30.133333333333333,39,1.2942477876106195
mX,1,1,22,30.133333333333333,14,0.4646017699115044
mX,1,1,23,30.133333333333333,16,0.5309734513274337
mX,1,1,24,30.133333333333333,8,0.26548672566371684
mX,1,1,25,30.133333333333333,25,0.8296460176991151
mX,1,1,26,30.133333333333333,11,0.36504424778761063
mX,1,1,27,30.133333333333333,30,0.995575221238938
mX,1,1,28,30.133333333333333,24,0.7964601769911505
mX,1,1,29,30.133333333333333,32,1.0619469026548674
mX,1,1,30,30.133333333333333,43,1.426991150442478
mX,1,2,1,13.785714285714285,8,0.5803108808290156
mX,1,2,2,13.785714285714285,17,1.2331606217616582
mX,1,2,3,13.785714285714285,0,0
mX,1,2,4,13.785714285714285,5,0.3626943005181347
mX,1,2,5,13.785714285714285,0,0
mX,1,2,6,13.785714285714285,18,1.3056994818652852
mX,1,2,7,13.785714285714285,0,0
mX,1,2,8,13.785714285714285,9,0.6528497409326426
mX,1,2,9,13.785714285714285,11,0.7979274611398964
mX,1,2,10,13.785714285714285,0,0
mX,1,2,11,13.785714285714285,1,0.07253886010362695
mX,1,2,12,13.785714285714285,1,0.07253886010362695
mX,1,2,13,13.785714285714285,1,0.07253886010362695
mX,1,2,14,13.785714285714285,3,0.21761658031088085
mX,1,2,15,13.785714285714285,8,0.5803108808290156
mX,1,2,16,13.785714285714285,6,0.4352331606217617
mX,1,2,17,13.785714285714285,4,0.2901554404145078
mX,1,2,18,13.785714285714285,5,0.3626943005181347
mX,1,2,19,13.785714285714285,1,0.07253886010362695
mX,1,2,20,13.785714285714285,9,0.6528497409326426
mX,1,2,21,13.785714285714285,1,0.07253886010362695
mX,1,2,22,13.785714285714285,15,1.0880829015544042
mX,1,2,23,13.785714285714285,8,0.5803108808290156
mX,1,2,24,13.785714285714285,5,0.3626943005181347
mX,1,2,25,13.785714285714285,8,0.5803108808290156
mX,1,2,26,13.785714285714285,3,0.21761658031088085
mX,1,2,27,13.785714285714285,2,0.1450777202072539
mX,1,2,28,13.785714285714285,1,0.07253886010362695
mX,1,2,29,13.785714285714285,2,0.1450777202072539
mX,1,2,30,13.785714285714285,7,0.5077720207253886
mX,1,3,1,8.915492957746478,6,0.6729857819905214
mX,1,3,2,8.915492957746478,6,0.6729857819905214
mX,1,3,3,8.915492957746478,0,0
mX,1,3,4,8.915492957746478,8,0.8973143759873619
mX,1,3,5,8.915492957746478,4,0.44865718799368093
mX,1,3,6,8.915492957746478,14,1.5703001579778832
mX,1,3,7,8.915492957746478,9,1.009478672985782
mX,1,3,8,8.915492957746478,10,1.1216429699842023
mX,1,3,9,8.915492957746478,13,1.458135860979463
mX,1,3,10,8.915492957746478,6,0.6729857819905214
mX,1,3,11,8.915492957746478,9,1.009478672985782
mX,1,3,12,8.915492957746478,14,1.5703001579778832
mX,1,3,13,8.915492957746478,0,0
mX,1,3,14,8.915492957746478,11,1.2338072669826226
mX,1,3,15,8.915492957746478,2,0.22432859399684046
mX,1,3,16,8.915492957746478,5,0.5608214849921012
mX,1,3,17,8.915492957746478,8,0.8973143759873619
mX,1,3,18,8.915492957746478,12,1.3459715639810428
mX,1,3,19,8.915492957746478,9,1.009478672985782
mX,1,3,20,8.915492957746478,18,2.018957345971564
mX,1,3,21,8.915492957746478,10,1.1216429699842023
mX,1,3,22,8.915492957746478,6,0.6729857819905214
mX,1,3,23,8.915492957746478,12,1.3459715639810428
mX,1,3,24,8.915492957746478,16,1.7946287519747237
mX,1,3,25,8.915492957746478,12,1.3459715639810428
mX,1,3,26,8.915492957746478,10,1.1216429699842023
mX,1,3,27,8.915492957746478,NA,NA
mX,1,3,28,8.915492957746478,NA,NA
mX,1,3,29,8.915492957746478,NA,NA
mX,1,3,30,8.915492957746478,NA,NA
mX,1,4,1,31.688888888888894,14,0.44179523141654975
mX,1,4,2,31.688888888888894,15,0.473352033660589
mX,1,4,3,31.688888888888894,1,0.03155680224403926
mX,1,4,4,31.688888888888894,NA,NA
mX,1,4,5,31.688888888888894,11,0.34712482468443195
mX,1,4,6,31.688888888888894,9,0.2840112201963534
mX,1,4,7,31.688888888888894,0,0
mX,1,4,8,31.688888888888894,0,0
mX,1,4,9,31.688888888888894,17,0.5364656381486675
mX,1,4,10,31.688888888888894,12,0.3786816269284712
mX,1,4,11,31.688888888888894,18,0.5680224403927068
mX,1,4,12,31.688888888888894,0,0
mX,1,4,13,31.688888888888894,10,0.31556802244039267
mX,1,4,14,31.688888888888894,11,0.34712482468443195
mX,1,4,15,31.688888888888894,0,0
mX,1,4,16,31.688888888888894,8,0.2524544179523141
mX,1,4,17,31.688888888888894,0,0
mX,1,4,18,31.688888888888894,36,1.1360448807854135
mX,1,4,19,31.688888888888894,6,0.1893408134642356
mX,1,4,20,31.688888888888894,23,0.7258064516129031
mX,1,4,21,31.688888888888894,40,1.2622720897615707
mX,1,4,22,31.688888888888894,34,1.072931276297335
mX,1,4,23,31.688888888888894,34,1.072931276297335
mX,1,4,24,31.688888888888894,24,0.7573632538569424
mX,1,4,25,31.688888888888894,21,0.6626928471248246
mX,1,4,26,31.688888888888894,43,1.3569424964936885
mX,1,4,27,31.688888888888894,12,0.3786816269284712
mX,1,4,28,31.688888888888894,0,0
mX,1,4,29,31.688888888888894,14,0.44179523141654975
mX,1,4,30,31.688888888888894,0,0
mX,1,5,1,20,27,1.35
mX,1,5,2,20,42,2.1
mX,1,5,3,20,39,1.95
mX,1,5,4,20,8,0.4
mX,1,5,5,20,33,1.65
mX,1,5,6,20,45,2.25
mX,1,5,7,20,37,1.85
mX,1,5,8,20,28,1.4
mX,1,5,9,20,28,1.4
mX,1,5,10,20,41,2.05
mX,1,5,11,20,23,1.15
mX,1,5,12,20,28,1.4
mX,1,5,13,20,31,1.55
mX,1,5,14,20,29,1.45
mX,1,5,15,20,24,1.2
mX,1,5,16,20,35,1.75
mX,1,5,17,20,13,0.65
mX,1,5,18,20,20,1
mX,1,5,19,20,25,1.25
mX,1,5,20,20,30,1.5
mX,1,5,21,20,32,1.6
mX,1,5,22,20,31,1.55
mX,1,5,23,20,32,1.6
mX,1,5,24,20,11,0.55
mX,1,5,25,20,8,0.4
mX,1,5,26,20,41,2.05
mX,1,5,27,20,18,0.9
mX,1,5,28,20,1,0.05
mX,1,5,29,20,25,1.25
mX,1,5,30,20,0,0
mX,2,1,1,30.133333333333333,0,0
mX,2,1,2,30.133333333333333,20,0.6637168141592921
mX,2,1,3,30.133333333333333,42,1.3938053097345133
mX,2,1,4,30.133333333333333,14,0.4646017699115044
mX,2,1,5,30.133333333333333,10,0.33185840707964603
mX,2,1,6,30.133333333333333,46,1.5265486725663717
mX,2,1,7,30.133333333333333,10,0.33185840707964603
mX,2,1,8,30.133333333333333,40,1.3274336283185841
mX,2,1,9,30.133333333333333,0,0
mX,2,1,10,30.133333333333333,0,0
mX,2,1,11,30.133333333333333,44,1.4601769911504425
mX,2,1,12,30.133333333333333,43,1.426991150442478
mX,2,1,13,30.133333333333333,57,1.8915929203539823
mX,2,1,14,30.133333333333333,6,0.19911504424778761
mX,2,1,15,30.133333333333333,3,0.09955752212389381
mX,2,1,16,30.133333333333333,0,0
mX,2,1,17,30.133333333333333,8,0.26548672566371684
mX,2,1,18,30.133333333333333,30,0.995575221238938
mX,2,1,19,30.133333333333333,22,0.7300884955752213
mX,2,1,20,30.133333333333333,29,0.9623893805309734
mX,2,1,21,30.133333333333333,19,0.6305309734513275
mX,2,1,22,30.133333333333333,19,0.6305309734513275
mX,2,1,23,30.133333333333333,14,0.4646017699115044
mX,2,1,24,30.133333333333333,25,0.8296460176991151
mX,2,1,25,30.133333333333333,32,1.0619469026548674
mX,2,1,26,30.133333333333333,35,1.1615044247787611
mX,2,1,27,30.133333333333333,8,0.26548672566371684
mX,2,1,28,30.133333333333333,48,1.592920353982301
mX,2,1,29,30.133333333333333,48,1.592920353982301
mX,2,1,30,30.133333333333333,34,1.1283185840707965
mX,2,2,1,13.785714285714285,11,0.7979274611398964
mX,2,2,2,13.785714285714285,0,0
mX,2,2,3,13.785714285714285,3,0.21761658031088085
mX,2,2,4,13.785714285714285,27,1.9585492227979275
mX,2,2,5,13.785714285714285,13,0.9430051813471503
mX,2,2,6,13.785714285714285,18,1.3056994818652852
mX,2,2,7,13.785714285714285,8,0.5803108808290156
mX,2,2,8,13.785714285714285,21,1.5233160621761659
mX,2,2,9,13.785714285714285,11,0.7979274611398964
mX,2,2,10,13.785714285714285,14,1.0155440414507773
mX,2,2,11,13.785714285714285,25,1.8134715025906738
mX,2,2,12,13.785714285714285,35,2.538860103626943
mX,2,2,13,13.785714285714285,17,1.2331606217616582
mX,2,2,14,13.785714285714285,0,0
mX,2,2,15,13.785714285714285,6,0.4352331606217617
mX,2,2,16,13.785714285714285,25,1.8134715025906738
mX,2,2,17,13.785714285714285,19,1.378238341968912
mX,2,2,18,13.785714285714285,26,1.8860103626943006
mX,2,2,19,13.785714285714285,5,0.3626943005181347
mX,2,2,20,13.785714285714285,7,0.5077720207253886
mX,2,2,21,13.785714285714285,40,2.901554404145078
mX,2,2,22,13.785714285714285,20,1.450777202072539
mX,2,2,23,13.785714285714285,12,0.8704663212435234
mX,2,2,24,13.785714285714285,60,4.352331606217617
mX,2,2,25,13.785714285714285,40,2.901554404145078
mX,2,2,26,13.785714285714285,52,3.772020725388601
mX,2,2,27,13.785714285714285,47,3.4093264248704664
mX,2,2,28,13.785714285714285,39,2.829015544041451
mX,2,2,29,13.785714285714285,46,3.3367875647668397
mX,2,2,30,13.785714285714285,5,0.3626943005181347
mX,2,3,1,8.915492957746478,13,1.458135860979463
mX,2,3,2,8.915492957746478,14,1.5703001579778832
mX,2,3,3,8.915492957746478,7,0.7851500789889416
mX,2,3,4,8.915492957746478,7,0.7851500789889416
mX,2,3,5,8.915492957746478,11,1.2338072669826226
mX,2,3,6,8.915492957746478,3,0.3364928909952607
mX,2,3,7,8.915492957746478,2,0.22432859399684046
mX,2,3,8,8.915492957746478,17,1.906793048973144
mX,2,3,9,8.915492957746478,5,0.5608214849921012
mX,2,3,10,8.915492957746478,15,1.6824644549763035
mX,2,3,11,8.915492957746478,0,0
mX,2,3,12,8.915492957746478,0,0
mX,2,3,13,8.915492957746478,11,1.2338072669826226
mX,2,3,14,8.915492957746478,15,1.6824644549763035
mX,2,3,15,8.915492957746478,16,1.7946287519747237
mX,2,3,16,8.915492957746478,17,1.906793048973144
mX,2,3,17,8.915492957746478,9,1.009478672985782
mX,2,3,18,8.915492957746478,9,1.009478672985782
mX,2,3,19,8.915492957746478,12,1.3459715639810428
mX,2,3,20,8.915492957746478,14,1.5703001579778832
mX,2,3,21,8.915492957746478,7,0.7851500789889416
mX,2,3,22,8.915492957746478,11,1.2338072669826226
mX,2,3,23,8.915492957746478,0,0
mX,2,3,24,8.915492957746478,2,0.22432859399684046
mX,2,3,25,8.915492957746478,NA,NA
mX,2,3,26,8.915492957746478,NA,NA
mX,2,3,27,8.915492957746478,NA,NA
mX,2,3,28,8.915492957746478,NA,NA
mX,2,3,29,8.915492957746478,NA,NA
mX,2,3,30,8.915492957746478,NA,NA
mX,2,4,1,31.688888888888894,0,0
mX,2,4,2,31.688888888888894,0,0
mX,2,4,3,31.688888888888894,19,0.599579242636746
mX,2,4,4,31.688888888888894,15,0.473352033660589
mX,2,4,5,31.688888888888894,13,0.41023842917251047
mX,2,4,6,31.688888888888894,14,0.44179523141654975
mX,2,4,7,31.688888888888894,0,0
mX,2,4,8,31.688888888888894,11,0.34712482468443195
mX,2,4,9,31.688888888888894,17,0.5364656381486675
mX,2,4,10,31.688888888888894,1,0.03155680224403926
mX,2,4,11,31.688888888888894,10,0.31556802244039267
mX,2,4,12,31.688888888888894,11,0.34712482468443195
mX,2,4,13,31.688888888888894,11,0.34712482468443195
mX,2,4,14,31.688888888888894,18,0.5680224403927068
mX,2,4,15,31.688888888888894,17,0.5364656381486675
mX,2,4,16,31.688888888888894,1,0.03155680224403926
mX,2,4,17,31.688888888888894,15,0.473352033660589
mX,2,4,18,31.688888888888894,14,0.44179523141654975
mX,2,4,19,31.688888888888894,16,0.5049088359046282
mX,2,4,20,31.688888888888894,12,0.3786816269284712
mX,2,4,21,31.688888888888894,12,0.3786816269284712
mX,2,4,22,31.688888888888894,11,0.34712482468443195
mX,2,4,23,31.688888888888894,3,0.0946704067321178
mX,2,4,24,31.688888888888894,15,0.473352033660589
mX,2,4,25,31.688888888888894,12,0.3786816269284712
mX,2,4,26,31.688888888888894,19,0.599579242636746
mX,2,4,27,31.688888888888894,1,0.03155680224403926
mX,2,4,28,31.688888888888894,11,0.34712482468443195
mX,2,4,29,31.688888888888894,10,0.31556802244039267
mX,2,4,30,31.688888888888894,14,0.44179523141654975
mX,2,5,1,20,86,4.3
mX,2,5,2,20,11,0.55
mX,2,5,3,20,9,0.45
mX,2,5,4,20,17,0.85
mX,2,5,5,20,17,0.85
mX,2,5,6,20,1,0.05
mX,2,5,7,20,14,0.7
mX,2,5,8,20,40,2
mX,2,5,9,20,6,0.3
mX,2,5,10,20,0,0
mX,2,5,11,20,0,0
mX,2,5,12,20,0,0
mX,2,5,13,20,13,0.65
mX,2,5,14,20,31,1.55
mX,2,5,15,20,0,0
mX,2,5,16,20,14,0.7
mX,2,5,17,20,35,1.75
mX,2,5,18,20,8,0.4
mX,2,5,19,20,32,1.6
mX,2,5,20,20,26,1.3
mX,2,5,21,20,18,0.9
mX,2,5,22,20,53,2.65
mX,2,5,23,20,30,1.5
mX,2,5,24,20,60,3
mX,2,5,25,20,1,0.05
mX,2,5,26,20,39,1.95
mX,2,5,27,20,31,1.55
mX,2,5,28,20,6,0.3
mX,2,5,29,20,27,1.35
mX,2,5,30,20,53,2.65
mX,3,1,1,30.133333333333333,34,1.1283185840707965
mX,3,1,2,30.133333333333333,46,1.5265486725663717
mX,3,1,3,30.133333333333333,52,1.7256637168141593
mX,3,1,4,30.133333333333333,41,1.3606194690265487
mX,3,1,5,30.133333333333333,48,1.592920353982301
mX,3,1,6,30.133333333333333,31,1.0287610619469028
mX,3,1,7,30.133333333333333,33,1.095132743362832
mX,3,1,8,30.133333333333333,55,1.825221238938053
mX,3,1,9,30.133333333333333,16,0.5309734513274337
mX,3,1,10,30.133333333333333,53,1.758849557522124
mX,3,1,11,30.133333333333333,26,0.8628318584070797
mX,3,1,12,30.133333333333333,24,0.7964601769911505
mX,3,1,13,30.133333333333333,5,0.16592920353982302
mX,3,1,14,30.133333333333333,19,0.6305309734513275
mX,3,1,15,30.133333333333333,48,1.592920353982301
mX,3,1,16,30.133333333333333,30,0.995575221238938
mX,3,1,17,30.133333333333333,45,1.4933628318584071
mX,3,1,18,30.133333333333333,18,0.5973451327433629
mX,3,1,19,30.133333333333333,18,0.5973451327433629
mX,3,1,20,30.133333333333333,18,0.5973451327433629
mX,3,1,21,30.133333333333333,NA,NA
mX,3,1,22,30.133333333333333,NA,NA
mX,3,1,23,30.133333333333333,NA,NA
mX,3,1,24,30.133333333333333,NA,NA
mX,3,1,25,30.133333333333333,NA,NA
mX,3,1,26,30.133333333333333,NA,NA
mX,3,1,27,30.133333333333333,NA,NA
mX,3,1,28,30.133333333333333,NA,NA
mX,3,1,29,30.133333333333333,NA,NA
mX,3,1,30,30.133333333333333,NA,NA
mX,3,2,1,13.785714285714285,0,0
mX,3,2,2,13.785714285714285,0,0
mX,3,2,3,13.785714285714285,14,1.0155440414507773
mX,3,2,4,13.785714285714285,2,0.1450777202072539
mX,3,2,5,13.785714285714285,4,0.2901554404145078
mX,3,2,6,13.785714285714285,12,0.8704663212435234
mX,3,2,7,13.785714285714285,0,0
mX,3,2,8,13.785714285714285,2,0.1450777202072539
mX,3,2,9,13.785714285714285,0,0
mX,3,2,10,13.785714285714285,7,0.5077720207253886
mX,3,2,11,13.785714285714285,3,0.21761658031088085
mX,3,2,12,13.785714285714285,1,0.07253886010362695
mX,3,2,13,13.785714285714285,9,0.6528497409326426
mX,3,2,14,13.785714285714285,0,0
mX,3,2,15,13.785714285714285,8,0.5803108808290156
mX,3,2,16,13.785714285714285,3,0.21761658031088085
mX,3,2,17,13.785714285714285,10,0.7253886010362695
mX,3,2,18,13.785714285714285,1,0.07253886010362695
mX,3,2,19,13.785714285714285,0,0
mX,3,2,20,13.785714285714285,29,2.1036269430051817
mX,3,2,21,13.785714285714285,17,1.2331606217616582
mX,3,2,22,13.785714285714285,45,3.2642487046632125
mX,3,2,23,13.785714285714285,13,0.9430051813471503
mX,3,2,24,13.785714285714285,31,2.2487046632124352
mX,3,2,25,13.785714285714285,19,1.378238341968912
mX,3,2,26,13.785714285714285,7,0.5077720207253886
mX,3,2,27,13.785714285714285,26,1.8860103626943006
mX,3,2,28,13.785714285714285,NA,NA
mX,3,2,29,13.785714285714285,NA,NA
mX,3,2,30,13.785714285714285,NA,NA
mX,3,3,1,8.915492957746478,3,0.3364928909952607
mX,3,3,2,8.915492957746478,4,0.44865718799368093
mX,3,3,3,8.915492957746478,14,1.5703001579778832
mX,3,3,4,8.915492957746478,11,1.2338072669826226
mX,3,3,5,8.915492957746478,1,0.11216429699842023
mX,3,3,6,8.915492957746478,9,1.009478672985782
mX,3,3,7,8.915492957746478,0,0
mX,3,3,8,8.915492957746478,7,0.7851500789889416
mX,3,3,9,8.915492957746478,9,1.009478672985782
mX,3,3,10,8.915492957746478,10,1.1216429699842023
mX,3,3,11,8.915492957746478,15,1.6824644549763035
mX,3,3,12,8.915492957746478,7,0.7851500789889416
mX,3,3,13,8.915492957746478,29,3.2527646129541865
mX,3,3,14,8.915492957746478,16,1.7946287519747237
mX,3,3,15,8.915492957746478,11,1.2338072669826226
mX,3,3,16,8.915492957746478,13,1.458135860979463
mX,3,3,17,8.915492957746478,9,1.009478672985782
mX,3,3,18,8.915492957746478,12,1.3459715639810428
mX,3,3,19,8.915492957746478,17,1.906793048973144
mX,3,3,20,8.915492957746478,13,1.458135860979463
mX,3,3,21,8.915492957746478,17,1.906793048973144
mX,3,3,22,8.915492957746478,12,1.3459715639810428
mX,3,3,23,8.915492957746478,13,1.458135860979463
mX,3,3,24,8.915492957746478,12,1.3459715639810428
mX,3,3,25,8.915492957746478,6,0.6729857819905214
mX,3,3,26,8.915492957746478,5,0.5608214849921012
mX,3,3,27,8.915492957746478,18,2.018957345971564
mX,3,3,28,8.915492957746478,NA,NA
mX,3,3,29,8.915492957746478,NA,NA
mX,3,3,30,8.915492957746478,NA,NA
mX,3,4,1,31.688888888888894,54,1.7040673211781203
mX,3,4,2,31.688888888888894,48,1.5147265077138847
mX,3,4,3,31.688888888888894,57,1.7987377279102381
mX,3,4,4,31.688888888888894,2,0.06311360448807853
mX,3,4,5,31.688888888888894,50,1.5778401122019634
mX,3,4,6,31.688888888888894,45,1.420056100981767
mX,3,4,7,31.688888888888894,56,1.767180925666199
mX,3,4,8,31.688888888888894,30,0.946704067321178
mX,3,4,9,31.688888888888894,44,1.3884992987377278
mX,3,4,10,31.688888888888894,53,1.6725105189340812
mX,3,4,11,31.688888888888894,50,1.5778401122019634
mX,3,4,12,31.688888888888894,51,1.6093969144460025
mX,3,4,13,31.688888888888894,38,1.199158485273492
mX,3,4,14,31.688888888888894,9,0.2840112201963534
mX,3,4,15,31.688888888888894,36,1.1360448807854135
mX,3,4,16,31.688888888888894,0,0
mX,3,4,17,31.688888888888894,39,1.2307152875175313
mX,3,4,18,31.688888888888894,33,1.0413744740532958
mX,3,4,19,31.688888888888894,44,1.3884992987377278
mX,3,4,20,31.688888888888894,72,2.272089761570827
mX,3,4,21,31.688888888888894,42,1.3253856942496491
mX,3,4,22,31.688888888888894,39,1.2307152875175313
mX,3,4,23,31.688888888888894,68,2.14586255259467
mX,3,4,24,31.688888888888894,49,1.546283309957924
mX,3,4,25,31.688888888888894,57,1.7987377279102381
mX,3,4,26,31.688888888888894,33,1.0413744740532958
mX,3,4,27,31.688888888888894,34,1.072931276297335
mX,3,4,28,31.688888888888894,50,1.5778401122019634
mX,3,4,29,31.688888888888894,44,1.3884992987377278
mX,3,4,30,31.688888888888894,36,1.1360448807854135
mX,3,5,1,20,0,0
mX,3,5,2,20,9,0.45
mX,3,5,3,20,0,0
mX,3,5,4,20,9,0.45
mX,3,5,5,20,11,0.55
mX,3,5,6,20,25,1.25
mX,3,5,7,20,0,0
mX,3,5,8,20,0,0
mX,3,5,9,20,1,0.05
mX,3,5,10,20,24,1.2
mX,3,5,11,20,19,0.95
mX,3,5,12,20,0,0
mX,3,5,13,20,36,1.8
mX,3,5,14,20,1,0.05
mX,3,5,15,20,0,0
mX,3,5,16,20,35,1.75
mX,3,5,17,20,25,1.25
mX,3,5,18,20,1,0.05
mX,3,5,19,20,0,0
mX,3,5,20,20,21,1.05
mX,3,5,21,20,0,0
mX,3,5,22,20,0,0
mX,3,5,23,20,0,0
mX,3,5,24,20,19,0.95
mX,3,5,25,20,0,0
mX,3,5,26,20,5,0.25
mX,3,5,27,20,0,0
mX,3,5,28,20,38,1.9
mX,3,5,29,20,28,1.4
mX,3,5,30,20,32,1.6
mX,4,1,1,30.133333333333333,11,0.36504424778761063
mX,4,1,2,30.133333333333333,41,1.3606194690265487
mX,4,1,3,30.133333333333333,32,1.0619469026548674
mX,4,1,4,30.133333333333333,0,0
mX,4,1,5,30.133333333333333,36,1.1946902654867257
mX,4,1,6,30.133333333333333,12,0.39823008849557523
mX,4,1,7,30.133333333333333,17,0.5641592920353983
mX,4,1,8,30.133333333333333,21,0.6969026548672567
mX,4,1,9,30.133333333333333,17,0.5641592920353983
mX,4,1,10,30.133333333333333,31,1.0287610619469028
mX,4,1,11,30.133333333333333,22,0.7300884955752213
mX,4,1,12,30.133333333333333,32,1.0619469026548674
mX,4,1,13,30.133333333333333,23,0.7632743362831859
mX,4,1,14,30.133333333333333,38,1.261061946902655
mX,4,1,15,30.133333333333333,26,0.8628318584070797
mX,4,1,16,30.133333333333333,29,0.9623893805309734
mX,4,1,17,30.133333333333333,44,1.4601769911504425
mX,4,1,18,30.133333333333333,10,0.33185840707964603
mX,4,1,19,30.133333333333333,32,1.0619469026548674
mX,4,1,20,30.133333333333333,14,0.4646017699115044
mX,4,1,21,30.133333333333333,0,0
mX,4,1,22,30.133333333333333,38,1.261061946902655
mX,4,1,23,30.133333333333333,8,0.26548672566371684
mX,4,1,24,30.133333333333333,41,1.3606194690265487
mX,4,1,25,30.133333333333333,9,0.29867256637168144
mX,4,1,26,30.133333333333333,0,0
mX,4,1,27,30.133333333333333,40,1.3274336283185841
mX,4,1,28,30.133333333333333,0,0
mX,4,1,29,30.133333333333333,17,0.5641592920353983
mX,4,1,30,30.133333333333333,49,1.6261061946902655
mX,4,2,1,13.785714285714285,4,0.2901554404145078
mX,4,2,2,13.785714285714285,10,0.7253886010362695
mX,4,2,3,13.785714285714285,0,0
mX,4,2,4,13.785714285714285,8,0.5803108808290156
mX,4,2,5,13.785714285714285,14,1.0155440414507773
mX,4,2,6,13.785714285714285,15,1.0880829015544042
mX,4,2,7,13.785714285714285,7,0.5077720207253886
mX,4,2,8,13.785714285714285,10,0.7253886010362695
mX,4,2,9,13.785714285714285,12,0.8704663212435234
mX,4,2,10,13.785714285714285,0,0
mX,4,2,11,13.785714285714285,0,0
mX,4,2,12,13.785714285714285,6,0.4352331606217617
mX,4,2,13,13.785714285714285,5,0.3626943005181347
mX,4,2,14,13.785714285714285,0,0
mX,4,2,15,13.785714285714285,0,0
mX,4,2,16,13.785714285714285,1,0.07253886010362695
mX,4,2,17,13.785714285714285,10,0.7253886010362695
mX,4,2,18,13.785714285714285,3,0.21761658031088085
mX,4,2,19,13.785714285714285,0,0
mX,4,2,20,13.785714285714285,0,0
mX,4,2,21,13.785714285714285,13,0.9430051813471503
mX,4,2,22,13.785714285714285,0,0
mX,4,2,23,13.785714285714285,0,0
mX,4,2,24,13.785714285714285,0,0
mX,4,2,25,13.785714285714285,0,0
mX,4,2,26,13.785714285714285,9,0.6528497409326426
mX,4,2,27,13.785714285714285,11,0.7979274611398964
mX,4,2,28,13.785714285714285,2,0.1450777202072539
mX,4,2,29,13.785714285714285,3,0.21761658031088085
mX,4,2,30,13.785714285714285,NA,NA
mX,4,3,1,8.915492957746478,14,1.5703001579778832
mX,4,3,2,8.915492957746478,14,1.5703001579778832
mX,4,3,3,8.915492957746478,10,1.1216429699842023
mX,4,3,4,8.915492957746478,9,1.009478672985782
mX,4,3,5,8.915492957746478,15,1.6824644549763035
mX,4,3,6,8.915492957746478,0,0
mX,4,3,7,8.915492957746478,2,0.22432859399684046
mX,4,3,8,8.915492957746478,19,2.131121642969984
mX,4,3,9,8.915492957746478,1,0.11216429699842023
mX,4,3,10,8.915492957746478,6,0.6729857819905214
mX,4,3,11,8.915492957746478,17,1.906793048973144
mX,4,3,12,8.915492957746478,9,1.009478672985782
mX,4,3,13,8.915492957746478,10,1.1216429699842023
mX,4,3,14,8.915492957746478,5,0.5608214849921012
mX,4,3,15,8.915492957746478,7,0.7851500789889416
mX,4,3,16,8.915492957746478,10,1.1216429699842023
mX,4,3,17,8.915492957746478,24,2.6919431279620856
mX,4,3,18,8.915492957746478,14,1.5703001579778832
mX,4,3,19,8.915492957746478,7,0.7851500789889416
mX,4,3,20,8.915492957746478,0,0
mX,4,3,21,8.915492957746478,0,0
mX,4,3,22,8.915492957746478,11,1.2338072669826226
mX,4,3,23,8.915492957746478,7,0.7851500789889416
mX,4,3,24,8.915492957746478,18,2.018957345971564
mX,4,3,25,8.915492957746478,8,0.8973143759873619
mX,4,3,26,8.915492957746478,8,0.8973143759873619
mX,4,3,27,8.915492957746478,19,2.131121642969984
mX,4,3,28,8.915492957746478,2,0.22432859399684046
mX,4,3,29,8.915492957746478,26,2.916271721958926
mX,4,3,30,8.915492957746478,1,0.11216429699842023
mX,4,4,1,31.688888888888894,16,0.5049088359046282
mX,4,4,2,31.688888888888894,11,0.34712482468443195
mX,4,4,3,31.688888888888894,12,0.3786816269284712
mX,4,4,4,31.688888888888894,13,0.41023842917251047
mX,4,4,5,31.688888888888894,17,0.5364656381486675
mX,4,4,6,31.688888888888894,16,0.5049088359046282
mX,4,4,7,31.688888888888894,0,0
mX,4,4,8,31.688888888888894,11,0.34712482468443195
mX,4,4,9,31.688888888888894,0,0
mX,4,4,10,31.688888888888894,0,0
mX,4,4,11,31.688888888888894,17,0.5364656381486675
mX,4,4,12,31.688888888888894,20,0.6311360448807853
mX,4,4,13,31.688888888888894,20,0.6311360448807853
mX,4,4,14,31.688888888888894,NA,NA
mX,4,4,15,31.688888888888894,20,0.6311360448807853
mX,4,4,16,31.688888888888894,15,0.473352033660589
mX,4,4,17,31.688888888888894,18,0.5680224403927068
mX,4,4,18,31.688888888888894,15,0.473352033660589
mX,4,4,19,31.688888888888894,17,0.5364656381486675
mX,4,4,20,31.688888888888894,5,0.15778401122019634
mX,4,4,21,31.688888888888894,0,0
mX,4,4,22,31.688888888888894,9,0.2840112201963534
mX,4,4,23,31.688888888888894,12,0.3786816269284712
mX,4,4,24,31.688888888888894,13,0.41023842917251047
mX,4,4,25,31.688888888888894,13,0.41023842917251047
mX,4,4,26,31.688888888888894,12,0.3786816269284712
mX,4,4,27,31.688888888888894,2,0.06311360448807853
mX,4,4,28,31.688888888888894,10,0.31556802244039267
mX,4,4,29,31.688888888888894,14,0.44179523141654975
mX,4,4,30,31.688888888888894,16,0.5049088359046282
mX,4,5,1,20,0,0
mX,4,5,2,20,0,0
mX,4,5,3,20,12,0.6
mX,4,5,4,20,1,0.05
mX,4,5,5,20,26,1.3
mX,4,5,6,20,30,1.5
mX,4,5,7,20,21,1.05
mX,4,5,8,20,10,0.5
mX,4,5,9,20,1,0.05
mX,4,5,10,20,0,0
mX,4,5,11,20,49,2.45
mX,4,5,12,20,31,1.55
mX,4,5,13,20,0,0
mX,4,5,14,20,16,0.8
mX,4,5,15,20,41,2.05
mX,4,5,16,20,42,2.1
mX,4,5,17,20,30,1.5
mX,4,5,18,20,25,1.25
mX,4,5,19,20,0,0
mX,4,5,20,20,0,0
mX,4,5,21,20,7,0.35
mX,4,5,22,20,11,0.55
mX,4,5,23,20,5,0.25
mX,4,5,24,20,0,0
mX,4,5,25,20,23,1.15
mX,4,5,26,20,0,0
mX,4,5,27,20,0,0
mX,4,5,28,20,0,0
mX,4,5,29,20,5,0.25
mX,4,5,30,20,26,1.3
mX,5,1,1,30.133333333333333,25,0.8296460176991151
mX,5,1,2,30.133333333333333,27,0.8960176991150443
mX,5,1,3,30.133333333333333,39,1.2942477876106195
mX,5,1,4,30.133333333333333,0,0
mX,5,1,5,30.133333333333333,19,0.6305309734513275
mX,5,1,6,30.133333333333333,22,0.7300884955752213
mX,5,1,7,30.133333333333333,32,1.0619469026548674
mX,5,1,8,30.133333333333333,34,1.1283185840707965
mX,5,1,9,30.133333333333333,25,0.8296460176991151
mX,5,1,10,30.133333333333333,43,1.426991150442478
mX,5,1,11,30.133333333333333,30,0.995575221238938
mX,5,1,12,30.133333333333333,30,0.995575221238938
mX,5,1,13,30.133333333333333,46,1.5265486725663717
mX,5,1,14,30.133333333333333,19,0.6305309734513275
mX,5,1,15,30.133333333333333,12,0.39823008849557523
mX,5,1,16,30.133333333333333,29,0.9623893805309734
mX,5,1,17,30.133333333333333,0,0
mX,5,1,18,30.133333333333333,34,1.1283185840707965
mX,5,1,19,30.133333333333333,31,1.0287610619469028
mX,5,1,20,30.133333333333333,1,0.033185840707964605
mX,5,1,21,30.133333333333333,21,0.6969026548672567
mX,5,1,22,30.133333333333333,21,0.6969026548672567
mX,5,1,23,30.133333333333333,39,1.2942477876106195
mX,5,1,24,30.133333333333333,40,1.3274336283185841
mX,5,1,25,30.133333333333333,40,1.3274336283185841
mX,5,1,26,30.133333333333333,41,1.3606194690265487
mX,5,1,27,30.133333333333333,15,0.497787610619469
mX,5,1,28,30.133333333333333,0,0
mX,5,1,29,30.133333333333333,12,0.39823008849557523
mX,5,1,30,30.133333333333333,NA,NA
mX,5,2,1,13.785714285714285,10,0.7253886010362695
mX,5,2,2,13.785714285714285,12,0.8704663212435234
mX,5,2,3,13.785714285714285,13,0.9430051813471503
mX,5,2,4,13.785714285714285,0,0
mX,5,2,5,13.785714285714285,8,0.5803108808290156
mX,5,2,6,13.785714285714285,14,1.0155440414507773
mX,5,2,7,13.785714285714285,12,0.8704663212435234
mX,5,2,8,13.785714285714285,2,0.1450777202072539
mX,5,2,9,13.785714285714285,0,0
mX,5,2,10,13.785714285714285,12,0.8704663212435234
mX,5,2,11,13.785714285714285,8,0.5803108808290156
mX,5,2,12,13.785714285714285,0,0
mX,5,2,13,13.785714285714285,10,0.7253886010362695
mX,5,2,14,13.785714285714285,8,0.5803108808290156
mX,5,2,15,13.785714285714285,12,0.8704663212435234
mX,5,2,16,13.785714285714285,5,0.3626943005181347
mX,5,2,17,13.785714285714285,1,0.07253886010362695
mX,5,2,18,13.785714285714285,9,0.6528497409326426
mX,5,2,19,13.785714285714285,3,0.21761658031088085
mX,5,2,20,13.785714285714285,7,0.5077720207253886
mX,5,2,21,13.785714285714285,7,0.5077720207253886
mX,5,2,22,13.785714285714285,11,0.7979274611398964
mX,5,2,23,13.785714285714285,1,0.07253886010362695
mX,5,2,24,13.785714285714285,16,1.1606217616580312
mX,5,2,25,13.785714285714285,0,0
mX,5,2,26,13.785714285714285,9,0.6528497409326426
mX,5,2,27,13.785714285714285,1,0.07253886010362695
mX,5,2,28,13.785714285714285,0,0
mX,5,2,29,13.785714285714285,NA,NA
mX,5,2,30,13.785714285714285,NA,NA
mX,5,3,1,8.915492957746478,15,1.6824644549763035
mX,5,3,2,8.915492957746478,9,1.009478672985782
mX,5,3,3,8.915492957746478,14,1.5703001579778832
mX,5,3,4,8.915492957746478,2,0.22432859399684046
mX,5,3,5,8.915492957746478,21,2.3554502369668247
mX,5,3,6,8.915492957746478,15,1.6824644549763035
mX,5,3,7,8.915492957746478,10,1.1216429699842023
mX,5,3,8,8.915492957746478,13,1.458135860979463
mX,5,3,9,8.915492957746478,17,1.906793048973144
mX,5,3,10,8.915492957746478,2,0.22432859399684046
mX,5,3,11,8.915492957746478,4,0.44865718799368093
mX,5,3,12,8.915492957746478,13,1.458135860979463
mX,5,3,13,8.915492957746478,13,1.458135860979463
mX,5,3,14,8.915492957746478,15,1.6824644549763035
mX,5,3,15,8.915492957746478,15,1.6824644549763035
mX,5,3,16,8.915492957746478,0,0
mX,5,3,17,8.915492957746478,11,1.2338072669826226
mX,5,3,18,8.915492957746478,8,0.8973143759873619
mX,5,3,19,8.915492957746478,18,2.018957345971564
mX,5,3,20,8.915492957746478,15,1.6824644549763035
mX,5,3,21,8.915492957746478,11,1.2338072669826226
mX,5,3,22,8.915492957746478,10,1.1216429699842023
mX,5,3,23,8.915492957746478,8,0.8973143759873619
mX,5,3,24,8.915492957746478,9,1.009478672985782
mX,5,3,25,8.915492957746478,24,2.6919431279620856
mX,5,3,26,8.915492957746478,29,3.2527646129541865
mX,5,3,27,8.915492957746478,8,0.8973143759873619
mX,5,3,28,8.915492957746478,8,0.8973143759873619
mX,5,3,29,8.915492957746478,NA,NA
mX,5,3,30,8.915492957746478,NA,NA
mX,5,4,1,31.688888888888894,15,0.473352033660589
mX,5,4,2,31.688888888888894,1,0.03155680224403926
mX,5,4,3,31.688888888888894,0,0
mX,5,4,4,31.688888888888894,17,0.5364656381486675
mX,5,4,5,31.688888888888894,3,0.0946704067321178
mX,5,4,6,31.688888888888894,17,0.5364656381486675
mX,5,4,7,31.688888888888894,15,0.473352033660589
mX,5,4,8,31.688888888888894,8,0.2524544179523141
mX,5,4,9,31.688888888888894,13,0.41023842917251047
mX,5,4,10,31.688888888888894,12,0.3786816269284712
mX,5,4,11,31.688888888888894,16,0.5049088359046282
mX,5,4,12,31.688888888888894,8,0.2524544179523141
mX,5,4,13,31.688888888888894,20,0.6311360448807853
mX,5,4,14,31.688888888888894,14,0.44179523141654975
mX,5,4,15,31.688888888888894,11,0.34712482468443195
mX,5,4,16,31.688888888888894,4,0.12622720897615705
mX,5,4,17,31.688888888888894,10,0.31556802244039267
mX,5,4,18,31.688888888888894,0,0
mX,5,4,19,31.688888888888894,12,0.3786816269284712
mX,5,4,20,31.688888888888894,11,0.34712482468443195
mX,5,4,21,31.688888888888894,7,0.22089761570827487
mX,5,4,22,31.688888888888894,15,0.473352033660589
mX,5,4,23,31.688888888888894,19,0.599579242636746
mX,5,4,24,31.688888888888894,14,0.44179523141654975
mX,5,4,25,31.688888888888894,14,0.44179523141654975
mX,5,4,26,31.688888888888894,14,0.44179523141654975
mX,5,4,27,31.688888888888894,11,0.34712482468443195
mX,5,4,28,31.688888888888894,14,0.44179523141654975
mX,5,4,29,31.688888888888894,16,0.5049088359046282
mX,5,4,30,31.688888888888894,13,0.41023842917251047
mX,5,5,1,20,2,0.1
mX,5,5,2,20,10,0.5
mX,5,5,3,20,1,0.05
mX,5,5,4,20,1,0.05
mX,5,5,5,20,36,1.8
mX,5,5,6,20,31,1.55
mX,5,5,7,20,0,0
mX,5,5,8,20,0,0
mX,5,5,9,20,0,0
mX,5,5,10,20,19,0.95
mX,5,5,11,20,34,1.7
mX,5,5,12,20,19,0.95
mX,5,5,13,20,0,0
mX,5,5,14,20,21,1.05
mX,5,5,15,20,7,0.35
mX,5,5,16,20,3,0.15
mX,5,5,17,20,1,0.05
mX,5,5,18,20,10,0.5
mX,5,5,19,20,0,0
mX,5,5,20,20,0,0
mX,5,5,21,20,98,4.9
mX,5,5,22,20,22,1.1
mX,5,5,23,20,22,1.1
mX,5,5,24,20,14,0.7
mX,5,5,25,20,8,0.4
mX,5,5,26,20,0,0
mX,5,5,27,20,2,0.1
mX,5,5,28,20,8,0.4
mX,5,5,29,20,16,0.8
mX,5,5,30,20,NA,NA
tX,6,1,1,30.133333333333333,26,0.8628318584070797
tX,6,1,2,30.133333333333333,31,1.0287610619469028
tX,6,1,3,30.133333333333333,23,0.7632743362831859
tX,6,1,4,30.133333333333333,47,1.5597345132743363
tX,6,1,5,30.133333333333333,26,0.8628318584070797
tX,6,1,6,30.133333333333333,26,0.8628318584070797
tX,6,1,7,30.133333333333333,42,1.3938053097345133
tX,6,1,8,30.133333333333333,32,1.0619469026548674
tX,6,1,9,30.133333333333333,41,1.3606194690265487
tX,6,1,10,30.133333333333333,3,0.09955752212389381
tX,6,1,11,30.133333333333333,45,1.4933628318584071
tX,6,1,12,30.133333333333333,29,0.9623893805309734
tX,6,1,13,30.133333333333333,24,0.7964601769911505
tX,6,1,14,30.133333333333333,23,0.7632743362831859
tX,6,1,15,30.133333333333333,15,0.497787610619469
tX,6,1,16,30.133333333333333,22,0.7300884955752213
tX,6,1,17,30.133333333333333,35,1.1615044247787611
tX,6,1,18,30.133333333333333,13,0.4314159292035398
tX,6,1,19,30.133333333333333,33,1.095132743362832
tX,6,1,20,30.133333333333333,37,1.2278761061946903
tX,6,1,21,30.133333333333333,17,0.5641592920353983
tX,6,1,22,30.133333333333333,23,0.7632743362831859
tX,6,1,23,30.133333333333333,42,1.3938053097345133
tX,6,1,24,30.133333333333333,22,0.7300884955752213
tX,6,1,25,30.133333333333333,14,0.4646017699115044
tX,6,1,26,30.133333333333333,41,1.3606194690265487
tX,6,1,27,30.133333333333333,27,0.8960176991150443
tX,6,1,28,30.133333333333333,42,1.3938053097345133
tX,6,1,29,30.133333333333333,31,1.0287610619469028
tX,6,1,30,30.133333333333333,0,0
tX,6,2,1,13.785714285714285,11,0.7979274611398964
tX,6,2,2,13.785714285714285,0,0
tX,6,2,3,13.785714285714285,0,0
tX,6,2,4,13.785714285714285,13,0.9430051813471503
tX,6,2,5,13.785714285714285,0,0
tX,6,2,6,13.785714285714285,2,0.1450777202072539
tX,6,2,7,13.785714285714285,0,0
tX,6,2,8,13.785714285714285,18,1.3056994818652852
tX,6,2,9,13.785714285714285,13,0.9430051813471503
tX,6,2,10,13.785714285714285,0,0
tX,6,2,11,13.785714285714285,0,0
tX,6,2,12,13.785714285714285,1,0.07253886010362695
tX,6,2,13,13.785714285714285,1,0.07253886010362695
tX,6,2,14,13.785714285714285,14,1.0155440414507773
tX,6,2,15,13.785714285714285,6,0.4352331606217617
tX,6,2,16,13.785714285714285,6,0.4352331606217617
tX,6,2,17,13.785714285714285,12,0.8704663212435234
tX,6,2,18,13.785714285714285,9,0.6528497409326426
tX,6,2,19,13.785714285714285,13,0.9430051813471503
tX,6,2,20,13.785714285714285,13,0.9430051813471503
tX,6,2,21,13.785714285714285,15,1.0880829015544042
tX,6,2,22,13.785714285714285,1,0.07253886010362695
tX,6,2,23,13.785714285714285,1,0.07253886010362695
tX,6,2,24,13.785714285714285,7,0.5077720207253886
tX,6,2,25,13.785714285714285,2,0.1450777202072539
tX,6,2,26,13.785714285714285,7,0.5077720207253886
tX,6,2,27,13.785714285714285,3,0.21761658031088085
tX,6,2,28,13.785714285714285,5,0.3626943005181347
tX,6,2,29,13.785714285714285,NA,NA
tX,6,2,30,13.785714285714285,NA,NA
tX,6,3,1,8.915492957746478,18,2.018957345971564
tX,6,3,2,8.915492957746478,23,2.579778830963665
tX,6,3,3,8.915492957746478,14,1.5703001579778832
tX,6,3,4,8.915492957746478,17,1.906793048973144
tX,6,3,5,8.915492957746478,11,1.2338072669826226
tX,6,3,6,8.915492957746478,12,1.3459715639810428
tX,6,3,7,8.915492957746478,9,1.009478672985782
tX,6,3,8,8.915492957746478,14,1.5703001579778832
tX,6,3,9,8.915492957746478,10,1.1216429699842023
tX,6,3,10,8.915492957746478,16,1.7946287519747237
tX,6,3,11,8.915492957746478,13,1.458135860979463
tX,6,3,12,8.915492957746478,9,1.009478672985782
tX,6,3,13,8.915492957746478,18,2.018957345971564
tX,6,3,14,8.915492957746478,0,0
tX,6,3,15,8.915492957746478,8,0.8973143759873619
tX,6,3,16,8.915492957746478,12,1.3459715639810428
tX,6,3,17,8.915492957746478,0,0
tX,6,3,18,8.915492957746478,4,0.44865718799368093
tX,6,3,19,8.915492957746478,12,1.3459715639810428
tX,6,3,20,8.915492957746478,0,0
tX,6,3,21,8.915492957746478,10,1.1216429699842023
tX,6,3,22,8.915492957746478,15,1.6824644549763035
tX,6,3,23,8.915492957746478,17,1.906793048973144
tX,6,3,24,8.915492957746478,0,0
tX,6,3,25,8.915492957746478,13,1.458135860979463
tX,6,3,26,8.915492957746478,15,1.6824644549763035
tX,6,3,27,8.915492957746478,11,1.2338072669826226
tX,6,3,28,8.915492957746478,27,3.028436018957346
tX,6,3,29,8.915492957746478,4,0.44865718799368093
tX,6,3,30,8.915492957746478,8,0.8973143759873619
tX,6,4,1,31.688888888888894,11,0.34712482468443195
tX,6,4,2,31.688888888888894,20,0.6311360448807853
tX,6,4,3,31.688888888888894,14,0.44179523141654975
tX,6,4,4,31.688888888888894,5,0.15778401122019634
tX,6,4,5,31.688888888888894,16,0.5049088359046282
tX,6,4,6,31.688888888888894,11,0.34712482468443195
tX,6,4,7,31.688888888888894,18,0.5680224403927068
tX,6,4,8,31.688888888888894,7,0.22089761570827487
tX,6,4,9,31.688888888888894,2,0.06311360448807853
tX,6,4,10,31.688888888888894,12,0.3786816269284712
tX,6,4,11,31.688888888888894,11,0.34712482468443195
tX,6,4,12,31.688888888888894,7,0.22089761570827487
tX,6,4,13,31.688888888888894,40,1.2622720897615707
tX,6,4,14,31.688888888888894,7,0.22089761570827487
tX,6,4,15,31.688888888888894,7,0.22089761570827487
tX,6,4,16,31.688888888888894,0,0
tX,6,4,17,31.688888888888894,12,0.3786816269284712
tX,6,4,18,31.688888888888894,0,0
tX,6,4,19,31.688888888888894,16,0.5049088359046282
tX,6,4,20,31.688888888888894,7,0.22089761570827487
tX,6,4,21,31.688888888888894,17,0.5364656381486675
tX,6,4,22,31.688888888888894,15,0.473352033660589
tX,6,4,23,31.688888888888894,9,0.2840112201963534
tX,6,4,24,31.688888888888894,0,0
tX,6,4,25,31.688888888888894,13,0.41023842917251047
tX,6,4,26,31.688888888888894,9,0.2840112201963534
tX,6,4,27,31.688888888888894,10,0.31556802244039267
tX,6,4,28,31.688888888888894,11,0.34712482468443195
tX,6,4,29,31.688888888888894,5,0.15778401122019634
tX,6,4,30,31.688888888888894,10,0.31556802244039267
tX,6,5,1,20,8,0.4
tX,6,5,2,20,0,0
tX,6,5,3,20,35,1.75
tX,6,5,4,20,8,0.4
tX,6,5,5,20,31,1.55
tX,6,5,6,20,1,0.05
tX,6,5,7,20,47,2.35
tX,6,5,8,20,12,0.6
tX,6,5,9,20,27,1.35
tX,6,5,10,20,26,1.3
tX,6,5,11,20,4,0.2
tX,6,5,12,20,32,1.6
tX,6,5,13,20,0,0
tX,6,5,14,20,48,2.4
tX,6,5,15,20,2,0.1
tX,6,5,16,20,2,0.1
tX,6,5,17,20,25,1.25
tX,6,5,18,20,40,2
tX,6,5,19,20,12,0.6
tX,6,5,20,20,35,1.75
tX,6,5,21,20,25,1.25
tX,6,5,22,20,52,2.6
tX,6,5,23,20,2,0.1
tX,6,5,24,20,0,0
tX,6,5,25,20,31,1.55
tX,6,5,26,20,29,1.45
tX,6,5,27,20,1,0.05
tX,6,5,28,20,0,0
tX,6,5,29,20,0,0
tX,6,5,30,20,2,0.1
tX,7,1,1,30.133333333333333,49,1.6261061946902655
tX,7,1,2,30.133333333333333,36,1.1946902654867257
tX,7,1,3,30.133333333333333,29,0.9623893805309734
tX,7,1,4,30.133333333333333,18,0.5973451327433629
tX,7,1,5,30.133333333333333,49,1.6261061946902655
tX,7,1,6,30.133333333333333,51,1.6924778761061947
tX,7,1,7,30.133333333333333,61,2.024336283185841
tX,7,1,8,30.133333333333333,49,1.6261061946902655
tX,7,1,9,30.133333333333333,28,0.9292035398230089
tX,7,1,10,30.133333333333333,16,0.5309734513274337
tX,7,1,11,30.133333333333333,16,0.5309734513274337
tX,7,1,12,30.133333333333333,0,0
tX,7,1,13,30.133333333333333,26,0.8628318584070797
tX,7,1,14,30.133333333333333,41,1.3606194690265487
tX,7,1,15,30.133333333333333,14,0.4646017699115044
tX,7,1,16,30.133333333333333,6,0.19911504424778761
tX,7,1,17,30.133333333333333,0,0
tX,7,1,18,30.133333333333333,0,0
tX,7,1,19,30.133333333333333,29,0.9623893805309734
tX,7,1,20,30.133333333333333,30,0.995575221238938
tX,7,1,21,30.133333333333333,32,1.0619469026548674
tX,7,1,22,30.133333333333333,39,1.2942477876106195
tX,7,1,23,30.133333333333333,37,1.2278761061946903
tX,7,1,24,30.133333333333333,42,1.3938053097345133
tX,7,1,25,30.133333333333333,38,1.261061946902655
tX,7,1,26,30.133333333333333,49,1.6261061946902655
tX,7,1,27,30.133333333333333,39,1.2942477876106195
tX,7,1,28,30.133333333333333,55,1.825221238938053
tX,7,1,29,30.133333333333333,20,0.6637168141592921
tX,7,1,30,30.133333333333333,3,0.09955752212389381
tX,7,2,1,13.785714285714285,7,0.5077720207253886
tX,7,2,2,13.785714285714285,5,0.3626943005181347
tX,7,2,3,13.785714285714285,2,0.1450777202072539
tX,7,2,4,13.785714285714285,0,0
tX,7,2,5,13.785714285714285,0,0
tX,7,2,6,13.785714285714285,13,0.9430051813471503
tX,7,2,7,13.785714285714285,10,0.7253886010362695
tX,7,2,8,13.785714285714285,9,0.6528497409326426
tX,7,2,9,13.785714285714285,9,0.6528497409326426
tX,7,2,10,13.785714285714285,0,0
tX,7,2,11,13.785714285714285,0,0
tX,7,2,12,13.785714285714285,3,0.21761658031088085
tX,7,2,13,13.785714285714285,6,0.4352331606217617
tX,7,2,14,13.785714285714285,1,0.07253886010362695
tX,7,2,15,13.785714285714285,1,0.07253886010362695
tX,7,2,16,13.785714285714285,7,0.5077720207253886
tX,7,2,17,13.785714285714285,4,0.2901554404145078
tX,7,2,18,13.785714285714285,1,0.07253886010362695
tX,7,2,19,13.785714285714285,13,0.9430051813471503
tX,7,2,20,13.785714285714285,0,0
tX,7,2,21,13.785714285714285,9,0.6528497409326426
tX,7,2,22,13.785714285714285,18,1.3056994818652852
tX,7,2,23,13.785714285714285,11,0.7979274611398964
tX,7,2,24,13.785714285714285,8,0.5803108808290156
tX,7,2,25,13.785714285714285,19,1.378238341968912
tX,7,2,26,13.785714285714285,1,0.07253886010362695
tX,7,2,27,13.785714285714285,8,0.5803108808290156
tX,7,2,28,13.785714285714285,5,0.3626943005181347
tX,7,2,29,13.785714285714285,0,0
tX,7,2,30,13.785714285714285,NA,NA
tX,7,3,1,8.915492957746478,19,2.131121642969984
tX,7,3,2,8.915492957746478,14,1.5703001579778832
tX,7,3,3,8.915492957746478,6,0.6729857819905214
tX,7,3,4,8.915492957746478,8,0.8973143759873619
tX,7,3,5,8.915492957746478,14,1.5703001579778832
tX,7,3,6,8.915492957746478,20,2.2432859399684046
tX,7,3,7,8.915492957746478,16,1.7946287519747237
tX,7,3,8,8.915492957746478,6,0.6729857819905214
tX,7,3,9,8.915492957746478,6,0.6729857819905214
tX,7,3,10,8.915492957746478,14,1.5703001579778832
tX,7,3,11,8.915492957746478,8,0.8973143759873619
tX,7,3,12,8.915492957746478,13,1.458135860979463
tX,7,3,13,8.915492957746478,9,1.009478672985782
tX,7,3,14,8.915492957746478,8,0.8973143759873619
tX,7,3,15,8.915492957746478,16,1.7946287519747237
tX,7,3,16,8.915492957746478,6,0.6729857819905214
tX,7,3,17,8.915492957746478,8,0.8973143759873619
tX,7,3,18,8.915492957746478,0,0
tX,7,3,19,8.915492957746478,8,0.8973143759873619
tX,7,3,20,8.915492957746478,4,0.44865718799368093
tX,7,3,21,8.915492957746478,0,0
tX,7,3,22,8.915492957746478,9,1.009478672985782
tX,7,3,23,8.915492957746478,9,1.009478672985782
tX,7,3,24,8.915492957746478,8,0.8973143759873619
tX,7,3,25,8.915492957746478,15,1.6824644549763035
tX,7,3,26,8.915492957746478,18,2.018957345971564
tX,7,3,27,8.915492957746478,16,1.7946287519747237
tX,7,3,28,8.915492957746478,13,1.458135860979463
tX,7,3,29,8.915492957746478,NA,NA
tX,7,3,30,8.915492957746478,NA,NA
tX,7,4,1,31.688888888888894,35,1.1044880785413742
tX,7,4,2,31.688888888888894,35,1.1044880785413742
tX,7,4,3,31.688888888888894,40,1.2622720897615707
tX,7,4,4,31.688888888888894,40,1.2622720897615707
tX,7,4,5,31.688888888888894,45,1.420056100981767
tX,7,4,6,31.688888888888894,33,1.0413744740532958
tX,7,4,7,31.688888888888894,24,0.7573632538569424
tX,7,4,8,31.688888888888894,45,1.420056100981767
tX,7,4,9,31.688888888888894,0,0
tX,7,4,10,31.688888888888894,44,1.3884992987377278
tX,7,4,11,31.688888888888894,60,1.893408134642356
tX,7,4,12,31.688888888888894,53,1.6725105189340812
tX,7,4,13,31.688888888888894,33,1.0413744740532958
tX,7,4,14,31.688888888888894,54,1.7040673211781203
tX,7,4,15,31.688888888888894,68,2.14586255259467
tX,7,4,16,31.688888888888894,53,1.6725105189340812
tX,7,4,17,31.688888888888894,66,2.0827489481065915
tX,7,4,18,31.688888888888894,51,1.6093969144460025
tX,7,4,19,31.688888888888894,54,1.7040673211781203
tX,7,4,20,31.688888888888894,56,1.767180925666199
tX,7,4,21,31.688888888888894,55,1.7356241234221597
tX,7,4,22,31.688888888888894,52,1.6409537166900419
tX,7,4,23,31.688888888888894,51,1.6093969144460025
tX,7,4,24,31.688888888888894,48,1.5147265077138847
tX,7,4,25,31.688888888888894,60,1.893408134642356
tX,7,4,26,31.688888888888894,64,2.019635343618513
tX,7,4,27,31.688888888888894,47,1.4831697054698456
tX,7,4,28,31.688888888888894,37,1.1676016830294529
tX,7,4,29,31.688888888888894,52,1.6409537166900419
tX,7,4,30,31.688888888888894,47,1.4831697054698456
tX,7,5,1,20,18,0.9
tX,7,5,2,20,0,0
tX,7,5,3,20,31,1.55
tX,7,5,4,20,39,1.95
tX,7,5,5,20,0,0
tX,7,5,6,20,0,0
tX,7,5,7,20,2,0.1
tX,7,5,8,20,57,2.85
tX,7,5,9,20,16,0.8
tX,7,5,10,20,2,0.1
tX,7,5,11,20,36,1.8
tX,7,5,12,20,15,0.75
tX,7,5,13,20,0,0
tX,7,5,14,20,12,0.6
tX,7,5,15,20,0,0
tX,7,5,16,20,33,1.65
tX,7,5,17,20,0,0
tX,7,5,18,20,13,0.65
tX,7,5,19,20,31,1.55
tX,7,5,20,20,19,0.95
tX,7,5,21,20,6,0.3
tX,7,5,22,20,0,0
tX,7,5,23,20,11,0.55
tX,7,5,24,20,10,0.5
tX,7,5,25,20,19,0.95
tX,7,5,26,20,9,0.45
tX,7,5,27,20,33,1.65
tX,7,5,28,20,0,0
tX,7,5,29,20,14,0.7
tX,7,5,30,20,0,0
tX,8,1,1,30.133333333333333,46,1.5265486725663717
tX,8,1,2,30.133333333333333,36,1.1946902654867257
tX,8,1,3,30.133333333333333,39,1.2942477876106195
tX,8,1,4,30.133333333333333,51,1.6924778761061947
tX,8,1,5,30.133333333333333,6,0.19911504424778761
tX,8,1,6,30.133333333333333,40,1.3274336283185841
tX,8,1,7,30.133333333333333,19,0.6305309734513275
tX,8,1,8,30.133333333333333,24,0.7964601769911505
tX,8,1,9,30.133333333333333,3,0.09955752212389381
tX,8,1,10,30.133333333333333,56,1.8584070796460177
tX,8,1,11,30.133333333333333,41,1.3606194690265487
tX,8,1,12,30.133333333333333,32,1.0619469026548674
tX,8,1,13,30.133333333333333,7,0.2323008849557522
tX,8,1,14,30.133333333333333,32,1.0619469026548674
tX,8,1,15,30.133333333333333,33,1.095132743362832
tX,8,1,16,30.133333333333333,1,0.033185840707964605
tX,8,1,17,30.133333333333333,11,0.36504424778761063
tX,8,1,18,30.133333333333333,0,0
tX,8,1,19,30.133333333333333,32,1.0619469026548674
tX,8,1,20,30.133333333333333,30,0.995575221238938
tX,8,1,21,30.133333333333333,37,1.2278761061946903
tX,8,1,22,30.133333333333333,43,1.426991150442478
tX,8,1,23,30.133333333333333,41,1.3606194690265487
tX,8,1,24,30.133333333333333,0,0
tX,8,1,25,30.133333333333333,27,0.8960176991150443
tX,8,1,26,30.133333333333333,31,1.0287610619469028
tX,8,1,27,30.133333333333333,40,1.3274336283185841
tX,8,1,28,30.133333333333333,45,1.4933628318584071
tX,8,1,29,30.133333333333333,19,0.6305309734513275
tX,8,1,30,30.133333333333333,35,1.1615044247787611
tX,8,2,1,13.785714285714285,9,0.6528497409326426
tX,8,2,2,13.785714285714285,0,0
tX,8,2,3,13.785714285714285,0,0
tX,8,2,4,13.785714285714285,3,0.21761658031088085
tX,8,2,5,13.785714285714285,13,0.9430051813471503
tX,8,2,6,13.785714285714285,0,0
tX,8,2,7,13.785714285714285,10,0.7253886010362695
tX,8,2,8,13.785714285714285,10,0.7253886010362695
tX,8,2,9,13.785714285714285,19,1.378238341968912
tX,8,2,10,13.785714285714285,10,0.7253886010362695
tX,8,2,11,13.785714285714285,8,0.5803108808290156
tX,8,2,12,13.785714285714285,11,0.7979274611398964
tX,8,2,13,13.785714285714285,3,0.21761658031088085
tX,8,2,14,13.785714285714285,16,1.1606217616580312
tX,8,2,15,13.785714285714285,4,0.2901554404145078
tX,8,2,16,13.785714285714285,2,0.1450777202072539
tX,8,2,17,13.785714285714285,0,0
tX,8,2,18,13.785714285714285,6,0.4352331606217617
tX,8,2,19,13.785714285714285,0,0
tX,8,2,20,13.785714285714285,4,0.2901554404145078
tX,8,2,21,13.785714285714285,2,0.1450777202072539
tX,8,2,22,13.785714285714285,14,1.0155440414507773
tX,8,2,23,13.785714285714285,8,0.5803108808290156
tX,8,2,24,13.785714285714285,4,0.2901554404145078
tX,8,2,25,13.785714285714285,13,0.9430051813471503
tX,8,2,26,13.785714285714285,2,0.1450777202072539
tX,8,2,27,13.785714285714285,15,1.0880829015544042
tX,8,2,28,13.785714285714285,14,1.0155440414507773
tX,8,2,29,13.785714285714285,11,0.7979274611398964
tX,8,2,30,13.785714285714285,NA,NA
tX,8,3,1,8.915492957746478,10,1.1216429699842023
tX,8,3,2,8.915492957746478,12,1.3459715639810428
tX,8,3,3,8.915492957746478,19,2.131121642969984
tX,8,3,4,8.915492957746478,0,0
tX,8,3,5,8.915492957746478,19,2.131121642969984
tX,8,3,6,8.915492957746478,21,2.3554502369668247
tX,8,3,7,8.915492957746478,1,0.11216429699842023
tX,8,3,8,8.915492957746478,13,1.458135860979463
tX,8,3,9,8.915492957746478,6,0.6729857819905214
tX,8,3,10,8.915492957746478,13,1.458135860979463
tX,8,3,11,8.915492957746478,5,0.5608214849921012
tX,8,3,12,8.915492957746478,10,1.1216429699842023
tX,8,3,13,8.915492957746478,13,1.458135860979463
tX,8,3,14,8.915492957746478,1,0.11216429699842023
tX,8,3,15,8.915492957746478,2,0.22432859399684046
tX,8,3,16,8.915492957746478,12,1.3459715639810428
tX,8,3,17,8.915492957746478,15,1.6824644549763035
tX,8,3,18,8.915492957746478,8,0.8973143759873619
tX,8,3,19,8.915492957746478,8,0.8973143759873619
tX,8,3,20,8.915492957746478,0,0
tX,8,3,21,8.915492957746478,12,1.3459715639810428
tX,8,3,22,8.915492957746478,0,0
tX,8,3,23,8.915492957746478,5,0.5608214849921012
tX,8,3,24,8.915492957746478,3,0.3364928909952607
tX,8,3,25,8.915492957746478,13,1.458135860979463
tX,8,3,26,8.915492957746478,18,2.018957345971564
tX,8,3,27,8.915492957746478,11,1.2338072669826226
tX,8,3,28,8.915492957746478,14,1.5703001579778832
tX,8,3,29,8.915492957746478,NA,NA
tX,8,3,30,8.915492957746478,NA,NA
tX,8,4,1,31.688888888888894,42,1.3253856942496491
tX,8,4,2,31.688888888888894,30,0.946704067321178
tX,8,4,3,31.688888888888894,9,0.2840112201963534
tX,8,4,4,31.688888888888894,51,1.6093969144460025
tX,8,4,5,31.688888888888894,29,0.9151472650771387
tX,8,4,6,31.688888888888894,22,0.6942496493688639
tX,8,4,7,31.688888888888894,26,0.8204768583450209
tX,8,4,8,31.688888888888894,50,1.5778401122019634
tX,8,4,9,31.688888888888894,44,1.3884992987377278
tX,8,4,10,31.688888888888894,33,1.0413744740532958
tX,8,4,11,31.688888888888894,46,1.4516129032258063
tX,8,4,12,31.688888888888894,53,1.6725105189340812
tX,8,4,13,31.688888888888894,55,1.7356241234221597
tX,8,4,14,31.688888888888894,24,0.7573632538569424
tX,8,4,15,31.688888888888894,32,1.0098176718092564
tX,8,4,16,31.688888888888894,51,1.6093969144460025
tX,8,4,17,31.688888888888894,0,0
tX,8,4,18,31.688888888888894,37,1.1676016830294529
tX,8,4,19,31.688888888888894,46,1.4516129032258063
tX,8,4,20,31.688888888888894,37,1.1676016830294529
tX,8,4,21,31.688888888888894,50,1.5778401122019634
tX,8,4,22,31.688888888888894,41,1.2938288920056098
tX,8,4,23,31.688888888888894,43,1.3569424964936885
tX,8,4,24,31.688888888888894,51,1.6093969144460025
tX,8,4,25,31.688888888888894,34,1.072931276297335
tX,8,4,26,31.688888888888894,52,1.6409537166900419
tX,8,4,27,31.688888888888894,45,1.420056100981767
tX,8,4,28,31.688888888888894,60,1.893408134642356
tX,8,4,29,31.688888888888894,44,1.3884992987377278
tX,8,4,30,31.688888888888894,44,1.3884992987377278
tX,8,5,1,20,48,2.4
tX,8,5,2,20,1,0.05
tX,8,5,3,20,5,0.25
tX,8,5,4,20,30,1.5
tX,8,5,5,20,0,0
tX,8,5,6,20,26,1.3
tX,8,5,7,20,0,0
tX,8,5,8,20,0,0
tX,8,5,9,20,30,1.5
tX,8,5,10,20,6,0.3
tX,8,5,11,20,19,0.95
tX,8,5,12,20,0,0
tX,8,5,13,20,22,1.1
tX,8,5,14,20,37,1.85
tX,8,5,15,20,0,0
tX,8,5,16,20,1,0.05
tX,8,5,17,20,11,0.55
tX,8,5,18,20,1,0.05
tX,8,5,19,20,7,0.35
tX,8,5,20,20,23,1.15
tX,8,5,21,20,33,1.65
tX,8,5,22,20,29,1.45
tX,8,5,23,20,0,0
tX,8,5,24,20,0,0
tX,8,5,25,20,0,0
tX,8,5,26,20,27,1.35
tX,8,5,27,20,0,0
tX,8,5,28,20,43,2.15
tX,8,5,29,20,22,1.1
tX,8,5,30,20,11,0.55
tX,9,1,1,30.133333333333333,41,1.3606194690265487
tX,9,1,2,30.133333333333333,4,0.13274336283185842
tX,9,1,3,30.133333333333333,44,1.4601769911504425
tX,9,1,4,30.133333333333333,24,0.7964601769911505
tX,9,1,5,30.133333333333333,18,0.5973451327433629
tX,9,1,6,30.133333333333333,15,0.497787610619469
tX,9,1,7,30.133333333333333,38,1.261061946902655
tX,9,1,8,30.133333333333333,35,1.1615044247787611
tX,9,1,9,30.133333333333333,44,1.4601769911504425
tX,9,1,10,30.133333333333333,45,1.4933628318584071
tX,9,1,11,30.133333333333333,23,0.7632743362831859
tX,9,1,12,30.133333333333333,41,1.3606194690265487
tX,9,1,13,30.133333333333333,12,0.39823008849557523
tX,9,1,14,30.133333333333333,0,0
tX,9,1,15,30.133333333333333,11,0.36504424778761063
tX,9,1,16,30.133333333333333,32,1.0619469026548674
tX,9,1,17,30.133333333333333,2,0.06637168141592921
tX,9,1,18,30.133333333333333,60,1.991150442477876
tX,9,1,19,30.133333333333333,63,2.09070796460177
tX,9,1,20,30.133333333333333,42,1.3938053097345133
tX,9,1,21,30.133333333333333,48,1.592920353982301
tX,9,1,22,30.133333333333333,35,1.1615044247787611
tX,9,1,23,30.133333333333333,23,0.7632743362831859
tX,9,1,24,30.133333333333333,14,0.4646017699115044
tX,9,1,25,30.133333333333333,37,1.2278761061946903
tX,9,1,26,30.133333333333333,41,1.3606194690265487
tX,9,1,27,30.133333333333333,18,0.5973451327433629
tX,9,1,28,30.133333333333333,14,0.4646017699115044
tX,9,1,29,30.133333333333333,31,1.0287610619469028
tX,9,1,30,30.133333333333333,7,0.2323008849557522
tX,9,2,1,13.785714285714285,10,0.7253886010362695
tX,9,2,2,13.785714285714285,6,0.4352331606217617
tX,9,2,3,13.785714285714285,5,0.3626943005181347
tX,9,2,4,13.785714285714285,2,0.1450777202072539
tX,9,2,5,13.785714285714285,6,0.4352331606217617
tX,9,2,6,13.785714285714285,1,0.07253886010362695
tX,9,2,7,13.785714285714285,4,0.2901554404145078
tX,9,2,8,13.785714285714285,9,0.6528497409326426
tX,9,2,9,13.785714285714285,14,1.0155440414507773
tX,9,2,10,13.785714285714285,0,0
tX,9,2,11,13.785714285714285,0,0
tX,9,2,12,13.785714285714285,5,0.3626943005181347
tX,9,2,13,13.785714285714285,0,0
tX,9,2,14,13.785714285714285,7,0.5077720207253886
tX,9,2,15,13.785714285714285,0,0
tX,9,2,16,13.785714285714285,9,0.6528497409326426
tX,9,2,17,13.785714285714285,8,0.5803108808290156
tX,9,2,18,13.785714285714285,5,0.3626943005181347
tX,9,2,19,13.785714285714285,4,0.2901554404145078
tX,9,2,20,13.785714285714285,0,0
tX,9,2,21,13.785714285714285,2,0.1450777202072539
tX,9,2,22,13.785714285714285,5,0.3626943005181347
tX,9,2,23,13.785714285714285,0,0
tX,9,2,24,13.785714285714285,8,0.5803108808290156
tX,9,2,25,13.785714285714285,1,0.07253886010362695
tX,9,2,26,13.785714285714285,6,0.4352331606217617
tX,9,2,27,13.785714285714285,6,0.4352331606217617
tX,9,2,28,13.785714285714285,1,0.07253886010362695
tX,9,2,29,13.785714285714285,1,0.07253886010362695
tX,9,2,30,13.785714285714285,NA,NA
tX,9,3,1,8.915492957746478,11,1.2338072669826226
tX,9,3,2,8.915492957746478,12,1.3459715639810428
tX,9,3,3,8.915492957746478,21,2.3554502369668247
tX,9,3,4,8.915492957746478,13,1.458135860979463
tX,9,3,5,8.915492957746478,8,0.8973143759873619
tX,9,3,6,8.915492957746478,12,1.3459715639810428
tX,9,3,7,8.915492957746478,2,0.22432859399684046
tX,9,3,8,8.915492957746478,1,0.11216429699842023
tX,9,3,9,8.915492957746478,7,0.7851500789889416
tX,9,3,10,8.915492957746478,38,4.262243285939968
tX,9,3,11,8.915492957746478,3,0.3364928909952607
tX,9,3,12,8.915492957746478,13,1.458135860979463
tX,9,3,13,8.915492957746478,6,0.6729857819905214
tX,9,3,14,8.915492957746478,12,1.3459715639810428
tX,9,3,15,8.915492957746478,1,0.11216429699842023
tX,9,3,16,8.915492957746478,7,0.7851500789889416
tX,9,3,17,8.915492957746478,0,0
tX,9,3,18,8.915492957746478,9,1.009478672985782
tX,9,3,19,8.915492957746478,18,2.018957345971564
tX,9,3,20,8.915492957746478,8,0.8973143759873619
tX,9,3,21,8.915492957746478,18,2.018957345971564
tX,9,3,22,8.915492957746478,3,0.3364928909952607
tX,9,3,23,8.915492957746478,0,0
tX,9,3,24,8.915492957746478,0,0
tX,9,3,25,8.915492957746478,16,1.7946287519747237
tX,9,3,26,8.915492957746478,1,0.11216429699842023
tX,9,3,27,8.915492957746478,NA,NA
tX,9,3,28,8.915492957746478,NA,NA
tX,9,3,29,8.915492957746478,NA,NA
tX,9,3,30,8.915492957746478,NA,NA
tX,9,4,1,31.688888888888894,16,0.5049088359046282
tX,9,4,2,31.688888888888894,14,0.44179523141654975
tX,9,4,3,31.688888888888894,16,0.5049088359046282
tX,9,4,4,31.688888888888894,23,0.7258064516129031
tX,9,4,5,31.688888888888894,17,0.5364656381486675
tX,9,4,6,31.688888888888894,0,0
tX,9,4,7,31.688888888888894,9,0.2840112201963534
tX,9,4,8,31.688888888888894,15,0.473352033660589
tX,9,4,9,31.688888888888894,0,0
tX,9,4,10,31.688888888888894,0,0
tX,9,4,11,31.688888888888894,11,0.34712482468443195
tX,9,4,12,31.688888888888894,18,0.5680224403927068
tX,9,4,13,31.688888888888894,4,0.12622720897615705
tX,9,4,14,31.688888888888894,20,0.6311360448807853
tX,9,4,15,31.688888888888894,26,0.8204768583450209
tX,9,4,16,31.688888888888894,26,0.8204768583450209
tX,9,4,17,31.688888888888894,27,0.8520336605890602
tX,9,4,18,31.688888888888894,11,0.34712482468443195
tX,9,4,19,31.688888888888894,16,0.5049088359046282
tX,9,4,20,31.688888888888894,23,0.7258064516129031
tX,9,4,21,31.688888888888894,8,0.2524544179523141
tX,9,4,22,31.688888888888894,9,0.2840112201963534
tX,9,4,23,31.688888888888894,10,0.31556802244039267
tX,9,4,24,31.688888888888894,9,0.2840112201963534
tX,9,4,25,31.688888888888894,15,0.473352033660589
tX,9,4,26,31.688888888888894,15,0.473352033660589
tX,9,4,27,31.688888888888894,20,0.6311360448807853
tX,9,4,28,31.688888888888894,0,0
tX,9,4,29,31.688888888888894,12,0.3786816269284712
tX,9,4,30,31.688888888888894,14,0.44179523141654975
tX,9,5,1,20,34,1.7
tX,9,5,2,20,18,0.9
tX,9,5,3,20,23,1.15
tX,9,5,4,20,35,1.75
tX,9,5,5,20,32,1.6
tX,9,5,6,20,14,0.7
tX,9,5,7,20,8,0.4
tX,9,5,8,20,31,1.55
tX,9,5,9,20,2,0.1
tX,9,5,10,20,12,0.6
tX,9,5,11,20,19,0.95
tX,9,5,12,20,23,1.15
tX,9,5,13,20,22,1.1
tX,9,5,14,20,16,0.8
tX,9,5,15,20,38,1.9
tX,9,5,16,20,7,0.35
tX,9,5,17,20,11,0.55
tX,9,5,18,20,0,0
tX,9,5,19,20,32,1.6
tX,9,5,20,20,29,1.45
tX,9,5,21,20,0,0
tX,9,5,22,20,0,0
tX,9,5,23,20,0,0
tX,9,5,24,20,2,0.1
tX,9,5,25,20,53,2.65
tX,9,5,26,20,10,0.5
tX,9,5,27,20,23,1.15
tX,9,5,28,20,1,0.05
tX,9,5,29,20,1,0.05
tX,9,5,30,20,1,0.05
tX,10,1,1,30.133333333333333,8,0.26548672566371684
tX,10,1,2,30.133333333333333,25,0.8296460176991151
tX,10,1,3,30.133333333333333,35,1.1615044247787611
tX,10,1,4,30.133333333333333,29,0.9623893805309734
tX,10,1,5,30.133333333333333,7,0.2323008849557522
tX,10,1,6,30.133333333333333,34,1.1283185840707965
tX,10,1,7,30.133333333333333,14,0.4646017699115044
tX,10,1,8,30.133333333333333,0,0
tX,10,1,9,30.133333333333333,36,1.1946902654867257
tX,10,1,10,30.133333333333333,19,0.6305309734513275
tX,10,1,11,30.133333333333333,3,0.09955752212389381
tX,10,1,12,30.133333333333333,27,0.8960176991150443
tX,10,1,13,30.133333333333333,33,1.095132743362832
tX,10,1,14,30.133333333333333,18,0.5973451327433629
tX,10,1,15,30.133333333333333,39,1.2942477876106195
tX,10,1,16,30.133333333333333,20,0.6637168141592921
tX,10,1,17,30.133333333333333,28,0.9292035398230089
tX,10,1,18,30.133333333333333,24,0.7964601769911505
tX,10,1,19,30.133333333333333,40,1.3274336283185841
tX,10,1,20,30.133333333333333,29,0.9623893805309734
tX,10,1,21,30.133333333333333,37,1.2278761061946903
tX,10,1,22,30.133333333333333,21,0.6969026548672567
tX,10,1,23,30.133333333333333,34,1.1283185840707965
tX,10,1,24,30.133333333333333,25,0.8296460176991151
tX,10,1,25,30.133333333333333,21,0.6969026548672567
tX,10,1,26,30.133333333333333,17,0.5641592920353983
tX,10,1,27,30.133333333333333,21,0.6969026548672567
tX,10,1,28,30.133333333333333,2,0.06637168141592921
tX,10,1,29,30.133333333333333,22,0.7300884955752213
tX,10,1,30,30.133333333333333,25,0.8296460176991151
tX,10,2,1,13.785714285714285,8,0.5803108808290156
tX,10,2,2,13.785714285714285,12,0.8704663212435234
tX,10,2,3,13.785714285714285,2,0.1450777202072539
tX,10,2,4,13.785714285714285,13,0.9430051813471503
tX,10,2,5,13.785714285714285,13,0.9430051813471503
tX,10,2,6,13.785714285714285,5,0.3626943005181347
tX,10,2,7,13.785714285714285,0,0
tX,10,2,8,13.785714285714285,1,0.07253886010362695
tX,10,2,9,13.785714285714285,1,0.07253886010362695
tX,10,2,10,13.785714285714285,5,0.3626943005181347
tX,10,2,11,13.785714285714285,5,0.3626943005181347
tX,10,2,12,13.785714285714285,0,0
tX,10,2,13,13.785714285714285,17,1.2331606217616582
tX,10,2,14,13.785714285714285,5,0.3626943005181347
tX,10,2,15,13.785714285714285,1,0.07253886010362695
tX,10,2,16,13.785714285714285,0,0
tX,10,2,17,13.785714285714285,2,0.1450777202072539
tX,10,2,18,13.785714285714285,6,0.4352331606217617
tX,10,2,19,13.785714285714285,2,0.1450777202072539
tX,10,2,20,13.785714285714285,0,0
tX,10,2,21,13.785714285714285,1,0.07253886010362695
tX,10,2,22,13.785714285714285,0,0
tX,10,2,23,13.785714285714285,9,0.6528497409326426
tX,10,2,24,13.785714285714285,12,0.8704663212435234
tX,10,2,25,13.785714285714285,0,0
tX,10,2,26,13.785714285714285,9,0.6528497409326426
tX,10,2,27,13.785714285714285,11,0.7979274611398964
tX,10,2,28,13.785714285714285,13,0.9430051813471503
tX,10,2,29,13.785714285714285,NA,NA
tX,10,2,30,13.785714285714285,NA,NA
tX,10,3,1,8.915492957746478,9,1.009478672985782
tX,10,3,2,8.915492957746478,13,1.458135860979463
tX,10,3,3,8.915492957746478,12,1.3459715639810428
tX,10,3,4,8.915492957746478,1,0.11216429699842023
tX,10,3,5,8.915492957746478,8,0.8973143759873619
tX,10,3,6,8.915492957746478,16,1.7946287519747237
tX,10,3,7,8.915492957746478,2,0.22432859399684046
tX,10,3,8,8.915492957746478,6,0.6729857819905214
tX,10,3,9,8.915492957746478,13,1.458135860979463
tX,10,3,10,8.915492957746478,14,1.5703001579778832
tX,10,3,11,8.915492957746478,15,1.6824644549763035
tX,10,3,12,8.915492957746478,19,2.131121642969984
tX,10,3,13,8.915492957746478,12,1.3459715639810428
tX,10,3,14,8.915492957746478,0,0
tX,10,3,15,8.915492957746478,10,1.1216429699842023
tX,10,3,16,8.915492957746478,2,0.22432859399684046
tX,10,3,17,8.915492957746478,12,1.3459715639810428
tX,10,3,18,8.915492957746478,16,1.7946287519747237
tX,10,3,19,8.915492957746478,1,0.11216429699842023
tX,10,3,20,8.915492957746478,10,1.1216429699842023
tX,10,3,21,8.915492957746478,8,0.8973143759873619
tX,10,3,22,8.915492957746478,11,1.2338072669826226
tX,10,3,23,8.915492957746478,14,1.5703001579778832
tX,10,3,24,8.915492957746478,13,1.458135860979463
tX,10,3,25,8.915492957746478,14,1.5703001579778832
tX,10,3,26,8.915492957746478,16,1.7946287519747237
tX,10,3,27,8.915492957746478,NA,NA
tX,10,3,28,8.915492957746478,NA,NA
tX,10,3,29,8.915492957746478,NA,NA
tX,10,3,30,8.915492957746478,NA,NA
tX,10,4,1,31.688888888888894,10,0.31556802244039267
tX,10,4,2,31.688888888888894,8,0.2524544179523141
tX,10,4,3,31.688888888888894,5,0.15778401122019634
tX,10,4,4,31.688888888888894,1,0.03155680224403926
tX,10,4,5,31.688888888888894,13,0.41023842917251047
tX,10,4,6,31.688888888888894,NA,NA
tX,10,4,7,31.688888888888894,1,0.03155680224403926
tX,10,4,8,31.688888888888894,9,0.2840112201963534
tX,10,4,9,31.688888888888894,0,0
tX,10,4,10,31.688888888888894,10,0.31556802244039267
tX,10,4,11,31.688888888888894,21,0.6626928471248246
tX,10,4,12,31.688888888888894,28,0.8835904628330995
tX,10,4,13,31.688888888888894,20,0.6311360448807853
tX,10,4,14,31.688888888888894,23,0.7258064516129031
tX,10,4,15,31.688888888888894,20,0.6311360448807853
tX,10,4,16,31.688888888888894,12,0.3786816269284712
tX,10,4,17,31.688888888888894,10,0.31556802244039267
tX,10,4,18,31.688888888888894,13,0.41023842917251047
tX,10,4,19,31.688888888888894,12,0.3786816269284712
tX,10,4,20,31.688888888888894,9,0.2840112201963534
tX,10,4,21,31.688888888888894,16,0.5049088359046282
tX,10,4,22,31.688888888888894,17,0.5364656381486675
tX,10,4,23,31.688888888888894,9,0.2840112201963534
tX,10,4,24,31.688888888888894,15,0.473352033660589
tX,10,4,25,31.688888888888894,9,0.2840112201963534
tX,10,4,26,31.688888888888894,13,0.41023842917251047
tX,10,4,27,31.688888888888894,9,0.2840112201963534
tX,10,4,28,31.688888888888894,7,0.22089761570827487
tX,10,4,29,31.688888888888894,28,0.8835904628330995
tX,10,4,30,31.688888888888894,26,0.8204768583450209
tX,10,5,1,20,1,0.05
tX,10,5,2,20,4,0.2
tX,10,5,3,20,16,0.8
tX,10,5,4,20,10,0.5
tX,10,5,5,20,15,0.75
tX,10,5,6,20,8,0.4
tX,10,5,7,20,0,0
tX,10,5,8,20,11,0.55
tX,10,5,9,20,9,0.45
tX,10,5,10,20,1,0.05
tX,10,5,11,20,10,0.5
tX,10,5,12,20,11,0.55
tX,10,5,13,20,18,0.9
tX,10,5,14,20,3,0.15
tX,10,5,15,20,9,0.45
tX,10,5,16,20,0,0
tX,10,5,17,20,16,0.8
tX,10,5,18,20,0,0
tX,10,5,19,20,0,0
tX,10,5,20,20,6,0.3
tX,10,5,21,20,0,0
tX,10,5,22,20,9,0.45
tX,10,5,23,20,1,0.05
tX,10,5,24,20,13,0.65
tX,10,5,25,20,0,0
tX,10,5,26,20,0,0
tX,10,5,27,20,5,0.25
tX,10,5,28,20,1,0.05
tX,10,5,29,20,26,1.3
tX,10,5,30,20,26,1.3
tT,14,1,1,30.133333333333333,29,0.9623893805309734
tT,14,1,2,30.133333333333333,11,0.36504424778761063
tT,14,1,3,30.133333333333333,3,0.09955752212389381
tT,14,1,4,30.133333333333333,14,0.4646017699115044
tT,14,1,5,30.133333333333333,20,0.6637168141592921
tT,14,1,6,30.133333333333333,14,0.4646017699115044
tT,14,1,7,30.133333333333333,16,0.5309734513274337
tT,14,1,8,30.133333333333333,0,0
tT,14,1,9,30.133333333333333,7,0.2323008849557522
tT,14,1,10,30.133333333333333,8,0.26548672566371684
tT,14,1,11,30.133333333333333,28,0.9292035398230089
tT,14,1,12,30.133333333333333,33,1.095132743362832
tT,14,1,13,30.133333333333333,0,0
tT,14,1,14,30.133333333333333,43,1.426991150442478
tT,14,1,15,30.133333333333333,17,0.5641592920353983
tT,14,1,16,30.133333333333333,34,1.1283185840707965
tT,14,1,17,30.133333333333333,27,0.8960176991150443
tT,14,1,18,30.133333333333333,21,0.6969026548672567
tT,14,1,19,30.133333333333333,33,1.095132743362832
tT,14,1,20,30.133333333333333,19,0.6305309734513275
tT,14,1,21,30.133333333333333,20,0.6637168141592921
tT,14,1,22,30.133333333333333,13,0.4314159292035398
tT,14,1,23,30.133333333333333,31,1.0287610619469028
tT,14,1,24,30.133333333333333,16,0.5309734513274337
tT,14,1,25,30.133333333333333,19,0.6305309734513275
tT,14,1,26,30.133333333333333,25,0.8296460176991151
tT,14,1,27,30.133333333333333,13,0.4314159292035398
tT,14,1,28,30.133333333333333,38,1.261061946902655
tT,14,1,29,30.133333333333333,31,1.0287610619469028
tT,14,1,30,30.133333333333333,31,1.0287610619469028
tT,14,2,1,13.785714285714285,49,3.5544041450777204
tT,14,2,2,13.785714285714285,30,2.1761658031088085
tT,14,2,3,13.785714285714285,0,0
tT,14,2,4,13.785714285714285,47,3.4093264248704664
tT,14,2,5,13.785714285714285,40,2.901554404145078
tT,14,2,6,13.785714285714285,0,0
tT,14,2,7,13.785714285714285,28,2.0310880829015545
tT,14,2,8,13.785714285714285,11,0.7979274611398964
tT,14,2,9,13.785714285714285,3,0.21761658031088085
tT,14,2,10,13.785714285714285,19,1.378238341968912
tT,14,2,11,13.785714285714285,33,2.393782383419689
tT,14,2,12,13.785714285714285,58,4.207253886010363
tT,14,2,13,13.785714285714285,22,1.5958549222797929
tT,14,2,14,13.785714285714285,42,3.0466321243523318
tT,14,2,15,13.785714285714285,22,1.5958549222797929
tT,14,2,16,13.785714285714285,37,2.683937823834197
tT,14,2,17,13.785714285714285,21,1.5233160621761659
tT,14,2,18,13.785714285714285,0,0
tT,14,2,19,13.785714285714285,29,2.1036269430051817
tT,14,2,20,13.785714285714285,5,0.3626943005181347
tT,14,2,21,13.785714285714285,37,2.683937823834197
tT,14,2,22,13.785714285714285,30,2.1761658031088085
tT,14,2,23,13.785714285714285,24,1.7409326424870468
tT,14,2,24,13.785714285714285,24,1.7409326424870468
tT,14,2,25,13.785714285714285,45,3.2642487046632125
tT,14,2,26,13.785714285714285,29,2.1036269430051817
tT,14,2,27,13.785714285714285,13,0.9430051813471503
tT,14,2,28,13.785714285714285,33,2.393782383419689
tT,14,2,29,13.785714285714285,26,1.8860103626943006
tT,14,2,30,13.785714285714285,NA,NA
tT,14,3,1,8.915492957746478,13,1.458135860979463
tT,14,3,2,8.915492957746478,11,1.2338072669826226
tT,14,3,3,8.915492957746478,7,0.7851500789889416
tT,14,3,4,8.915492957746478,19,2.131121642969984
tT,14,3,5,8.915492957746478,10,1.1216429699842023
tT,14,3,6,8.915492957746478,7,0.7851500789889416
tT,14,3,7,8.915492957746478,1,0.11216429699842023
tT,14,3,8,8.915492957746478,16,1.7946287519747237
tT,14,3,9,8.915492957746478,10,1.1216429699842023
tT,14,3,10,8.915492957746478,0,0
tT,14,3,11,8.915492957746478,3,0.3364928909952607
tT,14,3,12,8.915492957746478,0,0
tT,14,3,13,8.915492957746478,23,2.579778830963665
tT,14,3,14,8.915492957746478,4,0.44865718799368093
tT,14,3,15,8.915492957746478,4,0.44865718799368093
tT,14,3,16,8.915492957746478,0,0
tT,14,3,17,8.915492957746478,1,0.11216429699842023
tT,14,3,18,8.915492957746478,8,0.8973143759873619
tT,14,3,19,8.915492957746478,8,0.8973143759873619
tT,14,3,20,8.915492957746478,13,1.458135860979463
tT,14,3,21,8.915492957746478,19,2.131121642969984
tT,14,3,22,8.915492957746478,1,0.11216429699842023
tT,14,3,23,8.915492957746478,18,2.018957345971564
tT,14,3,24,8.915492957746478,8,0.8973143759873619
tT,14,3,25,8.915492957746478,15,1.6824644549763035
tT,14,3,26,8.915492957746478,0,0
tT,14,3,27,8.915492957746478,NA,NA
tT,14,3,28,8.915492957746478,NA,NA
tT,14,3,29,8.915492957746478,NA,NA
tT,14,3,30,8.915492957746478,NA,NA
tT,14,4,1,31.688888888888894,23,0.7258064516129031
tT,14,4,2,31.688888888888894,26,0.8204768583450209
tT,14,4,3,31.688888888888894,23,0.7258064516129031
tT,14,4,4,31.688888888888894,18,0.5680224403927068
tT,14,4,5,31.688888888888894,47,1.4831697054698456
tT,14,4,6,31.688888888888894,18,0.5680224403927068
tT,14,4,7,31.688888888888894,30,0.946704067321178
tT,14,4,8,31.688888888888894,24,0.7573632538569424
tT,14,4,9,31.688888888888894,15,0.473352033660589
tT,14,4,10,31.688888888888894,1,0.03155680224403926
tT,14,4,11,31.688888888888894,21,0.6626928471248246
tT,14,4,12,31.688888888888894,14,0.44179523141654975
tT,14,4,13,31.688888888888894,5,0.15778401122019634
tT,14,4,14,31.688888888888894,2,0.06311360448807853
tT,14,4,15,31.688888888888894,11,0.34712482468443195
tT,14,4,16,31.688888888888894,9,0.2840112201963534
tT,14,4,17,31.688888888888894,25,0.7889200561009817
tT,14,4,18,31.688888888888894,15,0.473352033660589
tT,14,4,19,31.688888888888894,1,0.03155680224403926
tT,14,4,20,31.688888888888894,17,0.5364656381486675
tT,14,4,21,31.688888888888894,16,0.5049088359046282
tT,14,4,22,31.688888888888894,16,0.5049088359046282
tT,14,4,23,31.688888888888894,26,0.8204768583450209
tT,14,4,24,31.688888888888894,17,0.5364656381486675
tT,14,4,25,31.688888888888894,28,0.8835904628330995
tT,14,4,26,31.688888888888894,25,0.7889200561009817
tT,14,4,27,31.688888888888894,9,0.2840112201963534
tT,14,4,28,31.688888888888894,6,0.1893408134642356
tT,14,4,29,31.688888888888894,13,0.41023842917251047
tT,14,4,30,31.688888888888894,14,0.44179523141654975
tT,14,5,1,20,3,0.15
tT,14,5,2,20,12,0.6
tT,14,5,3,20,10,0.5
tT,14,5,4,20,26,1.3
tT,14,5,5,20,12,0.6
tT,14,5,6,20,18,0.9
tT,14,5,7,20,0,0
tT,14,5,8,20,0,0
tT,14,5,9,20,15,0.75
tT,14,5,10,20,0,0
tT,14,5,11,20,42,2.1
tT,14,5,12,20,0,0
tT,14,5,13,20,0,0
tT,14,5,14,20,0,0
tT,14,5,15,20,27,1.35
tT,14,5,16,20,5,0.25
tT,14,5,17,20,0,0
tT,14,5,18,20,23,1.15
tT,14,5,19,20,25,1.25
tT,14,5,20,20,3,0.15
tT,14,5,21,20,0,0
tT,14,5,22,20,30,1.5
tT,14,5,23,20,0,0
tT,14,5,24,20,0,0
tT,14,5,25,20,0,0
tT,14,5,26,20,0,0
tT,14,5,27,20,0,0
tT,14,5,28,20,19,0.95
tT,14,5,29,20,1,0.05
tT,14,5,30,20,10,0.5
tT,15,3,1,8.915492957746478,0,0
tT,15,3,2,8.915492957746478,7,0.7851500789889416
tT,15,3,3,8.915492957746478,4,0.44865718799368093
tT,15,3,4,8.915492957746478,16,1.7946287519747237
tT,15,3,5,8.915492957746478,0,0
tT,15,3,6,8.915492957746478,13,1.458135860979463
tT,15,3,7,8.915492957746478,6,0.6729857819905214
tT,15,3,8,8.915492957746478,0,0
tT,15,3,9,8.915492957746478,0,0
tT,15,3,10,8.915492957746478,10,1.1216429699842023
tT,15,3,11,8.915492957746478,6,0.6729857819905214
tT,15,3,12,8.915492957746478,11,1.2338072669826226
tT,15,3,13,8.915492957746478,2,0.22432859399684046
tT,15,3,14,8.915492957746478,1,0.11216429699842023
tT,15,3,15,8.915492957746478,2,0.22432859399684046
tT,15,3,16,8.915492957746478,9,1.009478672985782
tT,15,3,17,8.915492957746478,1,0.11216429699842023
tT,15,3,18,8.915492957746478,6,0.6729857819905214
tT,15,3,19,8.915492957746478,0,0
tT,15,3,20,8.915492957746478,3,0.3364928909952607
tT,15,3,21,8.915492957746478,11,1.2338072669826226
tT,15,3,22,8.915492957746478,1,0.11216429699842023
tT,15,3,23,8.915492957746478,14,1.5703001579778832
tT,15,3,24,8.915492957746478,10,1.1216429699842023
tT,15,3,25,8.915492957746478,NA,NA
tT,15,3,26,8.915492957746478,NA,NA
tT,15,3,27,8.915492957746478,NA,NA
tT,15,3,28,8.915492957746478,NA,NA
tT,15,3,29,8.915492957746478,NA,NA
tT,15,3,30,8.915492957746478,NA,NA
tT,15,4,1,31.688888888888894,14,0.44179523141654975
tT,15,4,2,31.688888888888894,5,0.15778401122019634
tT,15,4,3,31.688888888888894,10,0.31556802244039267
tT,15,4,4,31.688888888888894,17,0.5364656381486675
tT,15,4,5,31.688888888888894,3,0.0946704067321178
tT,15,4,6,31.688888888888894,12,0.3786816269284712
tT,15,4,7,31.688888888888894,2,0.06311360448807853
tT,15,4,8,31.688888888888894,4,0.12622720897615705
tT,15,4,9,31.688888888888894,15,0.473352033660589
tT,15,4,10,31.688888888888894,0,0
tT,15,4,11,31.688888888888894,6,0.1893408134642356
tT,15,4,12,31.688888888888894,26,0.8204768583450209
tT,15,4,13,31.688888888888894,16,0.5049088359046282
tT,15,4,14,31.688888888888894,21,0.6626928471248246
tT,15,4,15,31.688888888888894,21,0.6626928471248246
tT,15,4,16,31.688888888888894,29,0.9151472650771387
tT,15,4,17,31.688888888888894,14,0.44179523141654975
tT,15,4,18,31.688888888888894,8,0.2524544179523141
tT,15,4,19,31.688888888888894,14,0.44179523141654975
tT,15,4,20,31.688888888888894,12,0.3786816269284712
tT,15,4,21,31.688888888888894,12,0.3786816269284712
tT,15,4,22,31.688888888888894,9,0.2840112201963534
tT,15,4,23,31.688888888888894,10,0.31556802244039267
tT,15,4,24,31.688888888888894,11,0.34712482468443195
tT,15,4,25,31.688888888888894,10,0.31556802244039267
tT,15,4,26,31.688888888888894,12,0.3786816269284712
tT,15,4,27,31.688888888888894,10,0.31556802244039267
tT,15,4,28,31.688888888888894,11,0.34712482468443195
tT,15,4,29,31.688888888888894,1,0.03155680224403926
tT,15,4,30,31.688888888888894,9,0.2840112201963534
tT,15,5,1,20,10,0.5
tT,15,5,2,20,7,0.35
tT,15,5,3,20,13,0.65
tT,15,5,4,20,0,0
tT,15,5,5,20,26,1.3
tT,15,5,6,20,22,1.1
tT,15,5,7,20,0,0
tT,15,5,8,20,28,1.4
tT,15,5,9,20,51,2.55
tT,15,5,10,20,48,2.4
tT,15,5,11,20,0,0
tT,15,5,12,20,0,0
tT,15,5,13,20,0,0
tT,15,5,14,20,17,0.85
tT,15,5,15,20,6,0.3
tT,15,5,16,20,17,0.85
tT,15,5,17,20,16,0.8
tT,15,5,18,20,0,0
tT,15,5,19,20,8,0.4
tT,15,5,20,20,17,0.85
tT,15,5,21,20,6,0.3
tT,15,5,22,20,21,1.05
tT,15,5,23,20,18,0.9
tT,15,5,24,20,14,0.7
tT,15,5,25,20,2,0.1
tT,15,5,26,20,28,1.4
tT,15,5,27,20,2,0.1
tT,15,5,28,20,17,0.85
tT,15,5,29,20,29,1.45
tT,15,5,30,20,14,0.7
tT,16,3,1,8.915492957746478,13,1.458135860979463
tT,16,3,2,8.915492957746478,4,0.44865718799368093
tT,16,3,3,8.915492957746478,17,1.906793048973144
tT,16,3,4,8.915492957746478,0,0
tT,16,3,5,8.915492957746478,16,1.7946287519747237
tT,16,3,6,8.915492957746478,10,1.1216429699842023
tT,16,3,7,8.915492957746478,8,0.8973143759873619
tT,16,3,8,8.915492957746478,0,0
tT,16,3,9,8.915492957746478,3,0.3364928909952607
tT,16,3,10,8.915492957746478,2,0.22432859399684046
tT,16,3,11,8.915492957746478,16,1.7946287519747237
tT,16,3,12,8.915492957746478,4,0.44865718799368093
tT,16,3,13,8.915492957746478,8,0.8973143759873619
tT,16,3,14,8.915492957746478,0,0
tT,16,3,15,8.915492957746478,19,2.131121642969984
tT,16,3,16,8.915492957746478,5,0.5608214849921012
tT,16,3,17,8.915492957746478,11,1.2338072669826226
tT,16,3,18,8.915492957746478,1,0.11216429699842023
tT,16,3,19,8.915492957746478,2,0.22432859399684046
tT,16,3,20,8.915492957746478,10,1.1216429699842023
tT,16,3,21,8.915492957746478,10,1.1216429699842023
tT,16,3,22,8.915492957746478,15,1.6824644549763035
tT,16,3,23,8.915492957746478,36,4.037914691943128
tT,16,3,24,8.915492957746478,8,0.8973143759873619
tT,16,3,25,8.915492957746478,0,0
tT,16,3,26,8.915492957746478,1,0.11216429699842023
tT,16,3,27,8.915492957746478,0,0
tT,16,3,28,8.915492957746478,NA,NA
tT,16,3,29,8.915492957746478,NA,NA
tT,16,3,30,8.915492957746478,NA,NA
tT,16,4,1,31.688888888888894,14,0.44179523141654975
tT,16,4,2,31.688888888888894,41,1.2938288920056098
tT,16,4,3,31.688888888888894,16,0.5049088359046282
tT,16,4,4,31.688888888888894,39,1.2307152875175313
tT,16,4,5,31.688888888888894,54,1.7040673211781203
tT,16,4,6,31.688888888888894,51,1.6093969144460025
tT,16,4,7,31.688888888888894,42,1.3253856942496491
tT,16,4,8,31.688888888888894,28,0.8835904628330995
tT,16,4,9,31.688888888888894,0,0
tT,16,4,10,31.688888888888894,3,0.0946704067321178
tT,16,4,11,31.688888888888894,34,1.072931276297335
tT,16,4,12,31.688888888888894,53,1.6725105189340812
tT,16,4,13,31.688888888888894,22,0.6942496493688639
tT,16,4,14,31.688888888888894,0,0
tT,16,4,15,31.688888888888894,23,0.7258064516129031
tT,16,4,16,31.688888888888894,41,1.2938288920056098
tT,16,4,17,31.688888888888894,26,0.8204768583450209
tT,16,4,18,31.688888888888894,8,0.2524544179523141
tT,16,4,19,31.688888888888894,26,0.8204768583450209
tT,16,4,20,31.688888888888894,22,0.6942496493688639
tT,16,4,21,31.688888888888894,22,0.6942496493688639
tT,16,4,22,31.688888888888894,13,0.41023842917251047
tT,16,4,23,31.688888888888894,23,0.7258064516129031
tT,16,4,24,31.688888888888894,47,1.4831697054698456
tT,16,4,25,31.688888888888894,26,0.8204768583450209
tT,16,4,26,31.688888888888894,29,0.9151472650771387
tT,16,4,27,31.688888888888894,41,1.2938288920056098
tT,16,4,28,31.688888888888894,35,1.1044880785413742
tT,16,4,29,31.688888888888894,52,1.6409537166900419
tT,16,4,30,31.688888888888894,29,0.9151472650771387
tT,16,5,1,20,23,1.15
tT,16,5,2,20,0,0
tT,16,5,3,20,0,0
tT,16,5,4,20,0,0
tT,16,5,5,20,0,0
tT,16,5,6,20,34,1.7
tT,16,5,7,20,19,0.95
tT,16,5,8,20,40,2
tT,16,5,9,20,2,0.1
tT,16,5,10,20,0,0
tT,16,5,11,20,1,0.05
tT,16,5,12,20,0,0
tT,16,5,13,20,0,0
tT,16,5,14,20,12,0.6
tT,16,5,15,20,0,0
tT,16,5,16,20,0,0
tT,16,5,17,20,47,2.35
tT,16,5,18,20,0,0
tT,16,5,19,20,16,0.8
tT,16,5,20,20,0,0
tT,16,5,21,20,19,0.95
tT,16,5,22,20,23,1.15
tT,16,5,23,20,0,0
tT,16,5,24,20,27,1.35
tT,16,5,25,20,21,1.05
tT,16,5,26,20,0,0
tT,16,5,27,20,9,0.45
tT,16,5,28,20,0,0
tT,16,5,29,20,0,0
tT,16,5,30,20,NA,NA
